브랜드,구분,거래처,월,목표매출
기타,국내,공식몰,2025/1,
기타,국내,공식몰,2025/2,
기타,국내,공식몰,2025/3,
기타,국내,공식몰,2025/4,
기타,국내,공식몰,2025/5,
기타,국내,공식몰,2025/6,
기타,국내,공식몰,2025/7,
기타,국내,공식몰,2025/8,
기타,국내,공식몰,2025/9,
기타,국내,공식몰,2025/10,
기타,국내,공식몰,2025/11,
기타,국내,공식몰,2025/12,
기타,국내,기타,2025/1,
기타,국내,기타,2025/2,
기타,국내,기타,2025/3,
기타,국내,기타,2025/4,
기타,국내,기타,2025/5,
기타,국내,기타,2025/6,
기타,국내,기타,2025/7,
기타,국내,기타,2025/8,
기타,국내,기타,2025/9,
기타,국내,기타,2025/10,
기타,국내,기타,2025/11,
기타,국내,기타,2025/12,
기타,국내,대리점,2025/1,
기타,국내,대리점,2025/2,
기타,국내,대리점,2025/3,
기타,국내,대리점,2025/4,
기타,국내,대리점,2025/5,
기타,국내,대리점,2025/6,
기타,국내,대리점,2025/7,
기타,국내,대리점,2025/8,
기타,국내,대리점,2025/9,
기타,국내,대리점,2025/10,
기타,국내,대리점,2025/11,
기타,국내,대리점,2025/12,
기타,국내,링커,2025/1,
기타,국내,링커,2025/2,
기타,국내,링커,2025/3,
기타,국내,링커,2025/4,
기타,국내,링커,2025/5,
기타,국내,링커,2025/6,
기타,국내,링커,2025/7,
기타,국내,링커,2025/8,
기타,국내,링커,2025/9,
기타,국내,링커,2025/10,
기타,국내,링커,2025/11,
기타,국내,링커,2025/12,
기타,국내,면세점,2025/1,
기타,국내,면세점,2025/2,
기타,국내,면세점,2025/3,
기타,국내,면세점,2025/4,
기타,국내,면세점,2025/5,
기타,국내,면세점,2025/6,
기타,국내,면세점,2025/7,
기타,국내,면세점,2025/8,
기타,국내,면세점,2025/9,
기타,국내,면세점,2025/10,
기타,국내,면세점,2025/11,
기타,국내,면세점,2025/12,
기타,국내,병원,2025/1,
기타,국내,병원,2025/2,
기타,국내,병원,2025/3,
기타,국내,병원,2025/4,
기타,국내,병원,2025/5,
기타,국내,병원,2025/6,
기타,국내,병원,2025/7,
기타,국내,병원,2025/8,
기타,국내,병원,2025/9,
기타,국내,병원,2025/10,
기타,국내,병원,2025/11,
기타,국내,병원,2025/12,
기타,국내,소호몰,2025/1,
기타,국내,소호몰,2025/2,
기타,국내,소호몰,2025/3,
기타,국내,소호몰,2025/4,
기타,국내,소호몰,2025/5,
기타,국내,소호몰,2025/6,
기타,국내,소호몰,2025/7,
기타,국내,소호몰,2025/8,
기타,국내,소호몰,2025/9,
기타,국내,소호몰,2025/10,
기타,국내,소호몰,2025/11,
기타,국내,소호몰,2025/12,
기타,국내,종합몰,2025/1,
기타,국내,종합몰,2025/2,
기타,국내,종합몰,2025/3,
기타,국내,종합몰,2025/4,
기타,국내,종합몰,2025/5,
기타,국내,종합몰,2025/6,
기타,국내,종합몰,2025/7,
기타,국내,종합몰,2025/8,
기타,국내,종합몰,2025/9,
기타,국내,종합몰,2025/10,
기타,국내,종합몰,2025/11,
기타,국내,종합몰,2025/12,
기타,국내,피부관리실,2025/1,
기타,국내,피부관리실,2025/2,
기타,국내,피부관리실,2025/3,
기타,국내,피부관리실,2025/4,
기타,국내,피부관리실,2025/5,
기타,국내,피부관리실,2025/6,
기타,국내,피부관리실,2025/7,
기타,국내,피부관리실,2025/8,
기타,국내,피부관리실,2025/9,
기타,국내,피부관리실,2025/10,
기타,국내,피부관리실,2025/11,
기타,국내,피부관리실,2025/12,
기타,해외,기타,2025/1,
기타,해외,기타,2025/2,
기타,해외,기타,2025/3,
기타,해외,기타,2025/4,
기타,해외,기타,2025/5,
기타,해외,기타,2025/6,
기타,해외,기타,2025/7,
기타,해외,기타,2025/8,
기타,해외,기타,2025/9,
기타,해외,기타,2025/10,
기타,해외,기타,2025/11,
기타,해외,기타,2025/12,
기타,해외,베트남,2025/1,
기타,해외,베트남,2025/2,
기타,해외,베트남,2025/3,
기타,해외,베트남,2025/4,
기타,해외,베트남,2025/5,
기타,해외,베트남,2025/6,
기타,해외,베트남,2025/7,
기타,해외,베트남,2025/8,
기타,해외,베트남,2025/9,
기타,해외,베트남,2025/10,
기타,해외,베트남,2025/11,
기타,해외,베트남,2025/12,
기타,해외,일본,2025/1,
기타,해외,일본,2025/2,
기타,해외,일본,2025/3,
기타,해외,일본,2025/4,
기타,해외,일본,2025/5,
기타,해외,일본,2025/6,
기타,해외,일본,2025/7,
기타,해외,일본,2025/8,
기타,해외,일본,2025/9,
기타,해외,일본,2025/10,
기타,해외,일본,2025/11,
기타,해외,일본,2025/12,
기타,해외,중국,2025/1,
기타,해외,중국,2025/2,
기타,해외,중국,2025/3,
기타,해외,중국,2025/4,
기타,해외,중국,2025/5,
기타,해외,중국,2025/6,
기타,해외,중국,2025/7,
기타,해외,중국,2025/8,
기타,해외,중국,2025/9,
기타,해외,중국,2025/10,
기타,해외,중국,2025/11,
기타,해외,중국,2025/12,
기타,해외,캐나다,2025/1,
기타,해외,캐나다,2025/2,
기타,해외,캐나다,2025/3,
기타,해외,캐나다,2025/4,
기타,해외,캐나다,2025/5,
기타,해외,캐나다,2025/6,
기타,해외,캐나다,2025/7,
기타,해외,캐나다,2025/8,
기타,해외,캐나다,2025/9,
기타,해외,캐나다,2025/10,
기타,해외,캐나다,2025/11,
기타,해외,캐나다,2025/12,
네오스트라타,국내,공식몰,2025/1,"₩25,717,780"
네오스트라타,국내,공식몰,2025/2,"₩14,083,795"
네오스트라타,국내,공식몰,2025/3,"₩13,481,836"
네오스트라타,국내,공식몰,2025/4,"₩19,082,054"
네오스트라타,국내,공식몰,2025/5,"₩16,269,396"
네오스트라타,국내,공식몰,2025/6,"₩27,334,009"
네오스트라타,국내,공식몰,2025/7,"₩20,623,080"
네오스트라타,국내,공식몰,2025/8,"₩19,007,336"
네오스트라타,국내,공식몰,2025/9,"₩20,767,638"
네오스트라타,국내,공식몰,2025/10,"₩23,964,468"
네오스트라타,국내,공식몰,2025/11,"₩59,907,405"
네오스트라타,국내,공식몰,2025/12,"₩16,795,079"
네오스트라타,국내,기타,2025/1,
네오스트라타,국내,기타,2025/2,
네오스트라타,국내,기타,2025/3,
네오스트라타,국내,기타,2025/4,
네오스트라타,국내,기타,2025/5,
네오스트라타,국내,기타,2025/6,
네오스트라타,국내,기타,2025/7,
네오스트라타,국내,기타,2025/8,
네오스트라타,국내,기타,2025/9,
네오스트라타,국내,기타,2025/10,
네오스트라타,국내,기타,2025/11,
네오스트라타,국내,기타,2025/12,
네오스트라타,국내,대리점,2025/1,"₩25,717,780"
네오스트라타,국내,대리점,2025/2,"₩14,083,795"
네오스트라타,국내,대리점,2025/3,"₩13,481,836"
네오스트라타,국내,대리점,2025/4,"₩19,082,054"
네오스트라타,국내,대리점,2025/5,"₩16,269,396"
네오스트라타,국내,대리점,2025/6,"₩27,334,009"
네오스트라타,국내,대리점,2025/7,"₩20,623,080"
네오스트라타,국내,대리점,2025/8,"₩19,007,336"
네오스트라타,국내,대리점,2025/9,"₩20,767,638"
네오스트라타,국내,대리점,2025/10,"₩23,964,468"
네오스트라타,국내,대리점,2025/11,"₩59,907,405"
네오스트라타,국내,대리점,2025/12,"₩16,795,079"
네오스트라타,국내,링커,2025/1,"₩25,717,780"
네오스트라타,국내,링커,2025/2,"₩14,083,795"
네오스트라타,국내,링커,2025/3,"₩13,481,836"
네오스트라타,국내,링커,2025/4,"₩19,082,054"
네오스트라타,국내,링커,2025/5,"₩16,269,396"
네오스트라타,국내,링커,2025/6,"₩27,334,009"
네오스트라타,국내,링커,2025/7,"₩20,623,080"
네오스트라타,국내,링커,2025/8,"₩19,007,336"
네오스트라타,국내,링커,2025/9,"₩20,767,638"
네오스트라타,국내,링커,2025/10,"₩23,964,468"
네오스트라타,국내,링커,2025/11,"₩59,907,405"
네오스트라타,국내,링커,2025/12,"₩16,795,079"
네오스트라타,국내,면세점,2025/1,
네오스트라타,국내,면세점,2025/2,
네오스트라타,국내,면세점,2025/3,
네오스트라타,국내,면세점,2025/4,
네오스트라타,국내,면세점,2025/5,
네오스트라타,국내,면세점,2025/6,
네오스트라타,국내,면세점,2025/7,
네오스트라타,국내,면세점,2025/8,
네오스트라타,국내,면세점,2025/9,
네오스트라타,국내,면세점,2025/10,
네오스트라타,국내,면세점,2025/11,
네오스트라타,국내,면세점,2025/12,
네오스트라타,국내,병원,2025/1,"₩51,435,559"
네오스트라타,국내,병원,2025/2,"₩28,167,590"
네오스트라타,국내,병원,2025/3,"₩26,963,673"
네오스트라타,국내,병원,2025/4,"₩38,164,108"
네오스트라타,국내,병원,2025/5,"₩32,538,791"
네오스트라타,국내,병원,2025/6,"₩54,668,017"
네오스트라타,국내,병원,2025/7,"₩41,246,160"
네오스트라타,국내,병원,2025/8,"₩38,014,672"
네오스트라타,국내,병원,2025/9,"₩41,535,276"
네오스트라타,국내,병원,2025/10,"₩47,928,936"
네오스트라타,국내,병원,2025/11,"₩119,814,810"
네오스트라타,국내,병원,2025/12,"₩33,590,158"
네오스트라타,국내,소호몰,2025/1,
네오스트라타,국내,소호몰,2025/2,
네오스트라타,국내,소호몰,2025/3,
네오스트라타,국내,소호몰,2025/4,
네오스트라타,국내,소호몰,2025/5,
네오스트라타,국내,소호몰,2025/6,
네오스트라타,국내,소호몰,2025/7,
네오스트라타,국내,소호몰,2025/8,
네오스트라타,국내,소호몰,2025/9,
네오스트라타,국내,소호몰,2025/10,
네오스트라타,국내,소호몰,2025/11,
네오스트라타,국내,소호몰,2025/12,
네오스트라타,국내,종합몰,2025/1,
네오스트라타,국내,종합몰,2025/2,
네오스트라타,국내,종합몰,2025/3,
네오스트라타,국내,종합몰,2025/4,
네오스트라타,국내,종합몰,2025/5,
네오스트라타,국내,종합몰,2025/6,
네오스트라타,국내,종합몰,2025/7,
네오스트라타,국내,종합몰,2025/8,
네오스트라타,국내,종합몰,2025/9,
네오스트라타,국내,종합몰,2025/10,
네오스트라타,국내,종합몰,2025/11,
네오스트라타,국내,종합몰,2025/12,
네오스트라타,국내,피부관리실,2025/1,"₩25,717,780"
네오스트라타,국내,피부관리실,2025/2,"₩14,083,795"
네오스트라타,국내,피부관리실,2025/3,"₩13,481,836"
네오스트라타,국내,피부관리실,2025/4,"₩19,082,054"
네오스트라타,국내,피부관리실,2025/5,"₩16,269,396"
네오스트라타,국내,피부관리실,2025/6,"₩27,334,009"
네오스트라타,국내,피부관리실,2025/7,"₩20,623,080"
네오스트라타,국내,피부관리실,2025/8,"₩19,007,336"
네오스트라타,국내,피부관리실,2025/9,"₩20,767,638"
네오스트라타,국내,피부관리실,2025/10,"₩23,964,468"
네오스트라타,국내,피부관리실,2025/11,"₩59,907,405"
네오스트라타,국내,피부관리실,2025/12,"₩16,795,079"
네오스트라타,해외,기타,2025/1,
네오스트라타,해외,기타,2025/2,
네오스트라타,해외,기타,2025/3,
네오스트라타,해외,기타,2025/4,
네오스트라타,해외,기타,2025/5,
네오스트라타,해외,기타,2025/6,
네오스트라타,해외,기타,2025/7,
네오스트라타,해외,기타,2025/8,
네오스트라타,해외,기타,2025/9,
네오스트라타,해외,기타,2025/10,
네오스트라타,해외,기타,2025/11,
네오스트라타,해외,기타,2025/12,
네오스트라타,해외,베트남,2025/1,
네오스트라타,해외,베트남,2025/2,
네오스트라타,해외,베트남,2025/3,
네오스트라타,해외,베트남,2025/4,
네오스트라타,해외,베트남,2025/5,
네오스트라타,해외,베트남,2025/6,
네오스트라타,해외,베트남,2025/7,
네오스트라타,해외,베트남,2025/8,
네오스트라타,해외,베트남,2025/9,
네오스트라타,해외,베트남,2025/10,
네오스트라타,해외,베트남,2025/11,
네오스트라타,해외,베트남,2025/12,
네오스트라타,해외,일본,2025/1,
네오스트라타,해외,일본,2025/2,
네오스트라타,해외,일본,2025/3,
네오스트라타,해외,일본,2025/4,
네오스트라타,해외,일본,2025/5,
네오스트라타,해외,일본,2025/6,
네오스트라타,해외,일본,2025/7,
네오스트라타,해외,일본,2025/8,
네오스트라타,해외,일본,2025/9,
네오스트라타,해외,일본,2025/10,
네오스트라타,해외,일본,2025/11,
네오스트라타,해외,일본,2025/12,
네오스트라타,해외,중국,2025/1,
네오스트라타,해외,중국,2025/2,
네오스트라타,해외,중국,2025/3,
네오스트라타,해외,중국,2025/4,
네오스트라타,해외,중국,2025/5,
네오스트라타,해외,중국,2025/6,
네오스트라타,해외,중국,2025/7,
네오스트라타,해외,중국,2025/8,
네오스트라타,해외,중국,2025/9,
네오스트라타,해외,중국,2025/10,
네오스트라타,해외,중국,2025/11,
네오스트라타,해외,중국,2025/12,
네오스트라타,해외,캐나다,2025/1,
네오스트라타,해외,캐나다,2025/2,
네오스트라타,해외,캐나다,2025/3,
네오스트라타,해외,캐나다,2025/4,
네오스트라타,해외,캐나다,2025/5,
네오스트라타,해외,캐나다,2025/6,
네오스트라타,해외,캐나다,2025/7,
네오스트라타,해외,캐나다,2025/8,
네오스트라타,해외,캐나다,2025/9,
네오스트라타,해외,캐나다,2025/10,
네오스트라타,해외,캐나다,2025/11,
네오스트라타,해외,캐나다,2025/12,
레노덤,국내,공식몰,2025/1,"₩12,430,642"
레노덤,국내,공식몰,2025/2,"₩17,822,144"
레노덤,국내,공식몰,2025/3,"₩35,055,050"
레노덤,국내,공식몰,2025/4,"₩12,572,407"
레노덤,국내,공식몰,2025/5,"₩24,004,290"
레노덤,국내,공식몰,2025/6,"₩20,214,984"
레노덤,국내,공식몰,2025/7,"₩27,144,362"
레노덤,국내,공식몰,2025/8,"₩21,233,839"
레노덤,국내,공식몰,2025/9,"₩15,632,887"
레노덤,국내,공식몰,2025/10,"₩55,360,930"
레노덤,국내,공식몰,2025/11,"₩133,888,790"
레노덤,국내,공식몰,2025/12,"₩20,272,326"
레노덤,국내,기타,2025/1,
레노덤,국내,기타,2025/2,
레노덤,국내,기타,2025/3,
레노덤,국내,기타,2025/4,
레노덤,국내,기타,2025/5,
레노덤,국내,기타,2025/6,
레노덤,국내,기타,2025/7,
레노덤,국내,기타,2025/8,
레노덤,국내,기타,2025/9,
레노덤,국내,기타,2025/10,
레노덤,국내,기타,2025/11,
레노덤,국내,기타,2025/12,
레노덤,국내,대리점,2025/1,
레노덤,국내,대리점,2025/2,
레노덤,국내,대리점,2025/3,
레노덤,국내,대리점,2025/4,
레노덤,국내,대리점,2025/5,
레노덤,국내,대리점,2025/6,
레노덤,국내,대리점,2025/7,
레노덤,국내,대리점,2025/8,
레노덤,국내,대리점,2025/9,
레노덤,국내,대리점,2025/10,
레노덤,국내,대리점,2025/11,
레노덤,국내,대리점,2025/12,
레노덤,국내,링커,2025/1,
레노덤,국내,링커,2025/2,
레노덤,국내,링커,2025/3,
레노덤,국내,링커,2025/4,
레노덤,국내,링커,2025/5,
레노덤,국내,링커,2025/6,
레노덤,국내,링커,2025/7,
레노덤,국내,링커,2025/8,
레노덤,국내,링커,2025/9,
레노덤,국내,링커,2025/10,
레노덤,국내,링커,2025/11,
레노덤,국내,링커,2025/12,
레노덤,국내,면세점,2025/1,"₩12,430,642"
레노덤,국내,면세점,2025/2,"₩17,822,144"
레노덤,국내,면세점,2025/3,"₩35,055,050"
레노덤,국내,면세점,2025/4,"₩12,572,407"
레노덤,국내,면세점,2025/5,"₩24,004,290"
레노덤,국내,면세점,2025/6,"₩20,214,984"
레노덤,국내,면세점,2025/7,"₩27,144,362"
레노덤,국내,면세점,2025/8,"₩21,233,839"
레노덤,국내,면세점,2025/9,"₩15,632,887"
레노덤,국내,면세점,2025/10,"₩55,360,930"
레노덤,국내,면세점,2025/11,"₩133,888,790"
레노덤,국내,면세점,2025/12,"₩20,272,326"
레노덤,국내,병원,2025/1,
레노덤,국내,병원,2025/2,
레노덤,국내,병원,2025/3,
레노덤,국내,병원,2025/4,
레노덤,국내,병원,2025/5,
레노덤,국내,병원,2025/6,
레노덤,국내,병원,2025/7,
레노덤,국내,병원,2025/8,
레노덤,국내,병원,2025/9,
레노덤,국내,병원,2025/10,
레노덤,국내,병원,2025/11,
레노덤,국내,병원,2025/12,
레노덤,국내,소호몰,2025/1,"₩12,430,642"
레노덤,국내,소호몰,2025/2,"₩17,822,144"
레노덤,국내,소호몰,2025/3,"₩35,055,050"
레노덤,국내,소호몰,2025/4,"₩12,572,407"
레노덤,국내,소호몰,2025/5,"₩24,004,290"
레노덤,국내,소호몰,2025/6,"₩20,214,984"
레노덤,국내,소호몰,2025/7,"₩27,144,362"
레노덤,국내,소호몰,2025/8,"₩21,233,839"
레노덤,국내,소호몰,2025/9,"₩15,632,887"
레노덤,국내,소호몰,2025/10,"₩55,360,930"
레노덤,국내,소호몰,2025/11,"₩133,888,790"
레노덤,국내,소호몰,2025/12,"₩20,272,326"
레노덤,국내,종합몰,2025/1,"₩12,430,642"
레노덤,국내,종합몰,2025/2,"₩17,822,144"
레노덤,국내,종합몰,2025/3,"₩35,055,050"
레노덤,국내,종합몰,2025/4,"₩12,572,407"
레노덤,국내,종합몰,2025/5,"₩24,004,290"
레노덤,국내,종합몰,2025/6,"₩20,214,984"
레노덤,국내,종합몰,2025/7,"₩27,144,362"
레노덤,국내,종합몰,2025/8,"₩21,233,839"
레노덤,국내,종합몰,2025/9,"₩15,632,887"
레노덤,국내,종합몰,2025/10,"₩55,360,930"
레노덤,국내,종합몰,2025/11,"₩133,888,790"
레노덤,국내,종합몰,2025/12,"₩20,272,326"
레노덤,국내,피부관리실,2025/1,
레노덤,국내,피부관리실,2025/2,
레노덤,국내,피부관리실,2025/3,
레노덤,국내,피부관리실,2025/4,
레노덤,국내,피부관리실,2025/5,
레노덤,국내,피부관리실,2025/6,
레노덤,국내,피부관리실,2025/7,
레노덤,국내,피부관리실,2025/8,
레노덤,국내,피부관리실,2025/9,
레노덤,국내,피부관리실,2025/10,
레노덤,국내,피부관리실,2025/11,
레노덤,국내,피부관리실,2025/12,
레노덤,해외,기타,2025/1,
레노덤,해외,기타,2025/2,
레노덤,해외,기타,2025/3,
레노덤,해외,기타,2025/4,
레노덤,해외,기타,2025/5,
레노덤,해외,기타,2025/6,
레노덤,해외,기타,2025/7,
레노덤,해외,기타,2025/8,
레노덤,해외,기타,2025/9,
레노덤,해외,기타,2025/10,
레노덤,해외,기타,2025/11,
레노덤,해외,기타,2025/12,
레노덤,해외,베트남,2025/1,"₩82,772,200"
레노덤,해외,베트남,2025/2,"₩62,076,000"
레노덤,해외,베트남,2025/3,"₩62,092,800"
레노덤,해외,베트남,2025/4,"₩165,580,800"
레노덤,해외,베트남,2025/5,"₩124,185,600"
레노덤,해외,베트남,2025/6,"₩82,772,200"
레노덤,해외,베트남,2025/7,"₩248,371,200"
레노덤,해외,베트남,2025/8,"₩186,278,400"
레노덤,해외,베트남,2025/9,"₩186,278,400"
레노덤,해외,베트남,2025/10,"₩248,371,200"
레노덤,해외,베트남,2025/11,"₩186,278,400"
레노덤,해외,베트남,2025/12,"₩186,278,400"
레노덤,해외,일본,2025/1,
레노덤,해외,일본,2025/2,
레노덤,해외,일본,2025/3,
레노덤,해외,일본,2025/4,
레노덤,해외,일본,2025/5,
레노덤,해외,일본,2025/6,
레노덤,해외,일본,2025/7,
레노덤,해외,일본,2025/8,
레노덤,해외,일본,2025/9,
레노덤,해외,일본,2025/10,
레노덤,해외,일본,2025/11,
레노덤,해외,일본,2025/12,
레노덤,해외,중국,2025/1,"₩300,000,000"
레노덤,해외,중국,2025/2,"₩300,000,000"
레노덤,해외,중국,2025/3,"₩300,000,000"
레노덤,해외,중국,2025/4,"₩300,000,000"
레노덤,해외,중국,2025/5,"₩300,000,000"
레노덤,해외,중국,2025/6,"₩300,000,000"
레노덤,해외,중국,2025/7,"₩300,000,000"
레노덤,해외,중국,2025/8,"₩300,000,000"
레노덤,해외,중국,2025/9,"₩300,000,000"
레노덤,해외,중국,2025/10,"₩300,000,000"
레노덤,해외,중국,2025/11,"₩300,000,000"
레노덤,해외,중국,2025/12,"₩300,000,000"
레노덤,해외,캐나다,2025/1,
레노덤,해외,캐나다,2025/2,
레노덤,해외,캐나다,2025/3,
레노덤,해외,캐나다,2025/4,"₩3,878,000"
레노덤,해외,캐나다,2025/5,
레노덤,해외,캐나다,2025/6,
레노덤,해외,캐나다,2025/7,
레노덤,해외,캐나다,2025/8,
레노덤,해외,캐나다,2025/9,
레노덤,해외,캐나다,2025/10,
레노덤,해외,캐나다,2025/11,
레노덤,해외,캐나다,2025/12,
레노덤 프로페셔널,국내,공식몰,2025/1,"₩24,689,095"
레노덤 프로페셔널,국내,공식몰,2025/2,"₩14,686,635"
레노덤 프로페셔널,국내,공식몰,2025/3,"₩18,177,635"
레노덤 프로페셔널,국내,공식몰,2025/4,"₩17,380,510"
레노덤 프로페셔널,국내,공식몰,2025/5,"₩19,746,007"
레노덤 프로페셔널,국내,공식몰,2025/6,"₩8,145,848"
레노덤 프로페셔널,국내,공식몰,2025/7,"₩4,293,999"
레노덤 프로페셔널,국내,공식몰,2025/8,"₩10,343,118"
레노덤 프로페셔널,국내,공식몰,2025/9,"₩10,715,452"
레노덤 프로페셔널,국내,공식몰,2025/10,"₩14,174,987"
레노덤 프로페셔널,국내,공식몰,2025/11,"₩47,334,089"
레노덤 프로페셔널,국내,공식몰,2025/12,"₩10,560,000"
레노덤 프로페셔널,국내,기타,2025/1,
레노덤 프로페셔널,국내,기타,2025/2,
레노덤 프로페셔널,국내,기타,2025/3,
레노덤 프로페셔널,국내,기타,2025/4,
레노덤 프로페셔널,국내,기타,2025/5,
레노덤 프로페셔널,국내,기타,2025/6,
레노덤 프로페셔널,국내,기타,2025/7,
레노덤 프로페셔널,국내,기타,2025/8,
레노덤 프로페셔널,국내,기타,2025/9,
레노덤 프로페셔널,국내,기타,2025/10,
레노덤 프로페셔널,국내,기타,2025/11,
레노덤 프로페셔널,국내,기타,2025/12,
레노덤 프로페셔널,국내,대리점,2025/1,"₩24,689,095"
레노덤 프로페셔널,국내,대리점,2025/2,"₩14,686,635"
레노덤 프로페셔널,국내,대리점,2025/3,"₩18,177,635"
레노덤 프로페셔널,국내,대리점,2025/4,"₩17,380,510"
레노덤 프로페셔널,국내,대리점,2025/5,"₩19,746,007"
레노덤 프로페셔널,국내,대리점,2025/6,"₩8,145,848"
레노덤 프로페셔널,국내,대리점,2025/7,"₩4,293,999"
레노덤 프로페셔널,국내,대리점,2025/8,"₩10,343,118"
레노덤 프로페셔널,국내,대리점,2025/9,"₩10,715,452"
레노덤 프로페셔널,국내,대리점,2025/10,"₩14,174,987"
레노덤 프로페셔널,국내,대리점,2025/11,"₩47,334,089"
레노덤 프로페셔널,국내,대리점,2025/12,"₩10,560,000"
레노덤 프로페셔널,국내,링커,2025/1,"₩24,689,095"
레노덤 프로페셔널,국내,링커,2025/2,"₩14,686,635"
레노덤 프로페셔널,국내,링커,2025/3,"₩18,177,635"
레노덤 프로페셔널,국내,링커,2025/4,"₩17,380,510"
레노덤 프로페셔널,국내,링커,2025/5,"₩19,746,007"
레노덤 프로페셔널,국내,링커,2025/6,"₩8,145,848"
레노덤 프로페셔널,국내,링커,2025/7,"₩4,293,999"
레노덤 프로페셔널,국내,링커,2025/8,"₩10,343,118"
레노덤 프로페셔널,국내,링커,2025/9,"₩10,715,452"
레노덤 프로페셔널,국내,링커,2025/10,"₩14,174,987"
레노덤 프로페셔널,국내,링커,2025/11,"₩47,334,089"
레노덤 프로페셔널,국내,링커,2025/12,"₩10,560,000"
레노덤 프로페셔널,국내,면세점,2025/1,
레노덤 프로페셔널,국내,면세점,2025/2,
레노덤 프로페셔널,국내,면세점,2025/3,
레노덤 프로페셔널,국내,면세점,2025/4,
레노덤 프로페셔널,국내,면세점,2025/5,
레노덤 프로페셔널,국내,면세점,2025/6,
레노덤 프로페셔널,국내,면세점,2025/7,
레노덤 프로페셔널,국내,면세점,2025/8,
레노덤 프로페셔널,국내,면세점,2025/9,
레노덤 프로페셔널,국내,면세점,2025/10,
레노덤 프로페셔널,국내,면세점,2025/11,
레노덤 프로페셔널,국내,면세점,2025/12,
레노덤 프로페셔널,국내,병원,2025/1,"₩24,689,095"
레노덤 프로페셔널,국내,병원,2025/2,"₩14,686,635"
레노덤 프로페셔널,국내,병원,2025/3,"₩18,177,635"
레노덤 프로페셔널,국내,병원,2025/4,"₩17,380,510"
레노덤 프로페셔널,국내,병원,2025/5,"₩19,746,007"
레노덤 프로페셔널,국내,병원,2025/6,"₩8,145,848"
레노덤 프로페셔널,국내,병원,2025/7,"₩4,293,999"
레노덤 프로페셔널,국내,병원,2025/8,"₩10,343,118"
레노덤 프로페셔널,국내,병원,2025/9,"₩10,715,452"
레노덤 프로페셔널,국내,병원,2025/10,"₩14,174,987"
레노덤 프로페셔널,국내,병원,2025/11,"₩47,334,089"
레노덤 프로페셔널,국내,병원,2025/12,"₩10,560,000"
레노덤 프로페셔널,국내,소호몰,2025/1,
레노덤 프로페셔널,국내,소호몰,2025/2,
레노덤 프로페셔널,국내,소호몰,2025/3,
레노덤 프로페셔널,국내,소호몰,2025/4,
레노덤 프로페셔널,국내,소호몰,2025/5,
레노덤 프로페셔널,국내,소호몰,2025/6,
레노덤 프로페셔널,국내,소호몰,2025/7,
레노덤 프로페셔널,국내,소호몰,2025/8,
레노덤 프로페셔널,국내,소호몰,2025/9,
레노덤 프로페셔널,국내,소호몰,2025/10,
레노덤 프로페셔널,국내,소호몰,2025/11,
레노덤 프로페셔널,국내,소호몰,2025/12,
레노덤 프로페셔널,국내,종합몰,2025/1,
레노덤 프로페셔널,국내,종합몰,2025/2,
레노덤 프로페셔널,국내,종합몰,2025/3,
레노덤 프로페셔널,국내,종합몰,2025/4,
레노덤 프로페셔널,국내,종합몰,2025/5,
레노덤 프로페셔널,국내,종합몰,2025/6,
레노덤 프로페셔널,국내,종합몰,2025/7,
레노덤 프로페셔널,국내,종합몰,2025/8,
레노덤 프로페셔널,국내,종합몰,2025/9,
레노덤 프로페셔널,국내,종합몰,2025/10,
레노덤 프로페셔널,국내,종합몰,2025/11,
레노덤 프로페셔널,국내,종합몰,2025/12,
레노덤 프로페셔널,국내,피부관리실,2025/1,"₩24,689,095"
레노덤 프로페셔널,국내,피부관리실,2025/2,"₩14,686,635"
레노덤 프로페셔널,국내,피부관리실,2025/3,"₩18,177,635"
레노덤 프로페셔널,국내,피부관리실,2025/4,"₩17,380,510"
레노덤 프로페셔널,국내,피부관리실,2025/5,"₩19,746,007"
레노덤 프로페셔널,국내,피부관리실,2025/6,"₩8,145,848"
레노덤 프로페셔널,국내,피부관리실,2025/7,"₩4,293,999"
레노덤 프로페셔널,국내,피부관리실,2025/8,"₩10,343,118"
레노덤 프로페셔널,국내,피부관리실,2025/9,"₩10,715,452"
레노덤 프로페셔널,국내,피부관리실,2025/10,"₩14,174,987"
레노덤 프로페셔널,국내,피부관리실,2025/11,"₩47,334,089"
레노덤 프로페셔널,국내,피부관리실,2025/12,"₩10,560,000"
레노덤 프로페셔널,해외,기타,2025/1,
레노덤 프로페셔널,해외,기타,2025/2,
레노덤 프로페셔널,해외,기타,2025/3,
레노덤 프로페셔널,해외,기타,2025/4,
레노덤 프로페셔널,해외,기타,2025/5,
레노덤 프로페셔널,해외,기타,2025/6,
레노덤 프로페셔널,해외,기타,2025/7,
레노덤 프로페셔널,해외,기타,2025/8,
레노덤 프로페셔널,해외,기타,2025/9,
레노덤 프로페셔널,해외,기타,2025/10,
레노덤 프로페셔널,해외,기타,2025/11,
레노덤 프로페셔널,해외,기타,2025/12,
레노덤 프로페셔널,해외,베트남,2025/1,
레노덤 프로페셔널,해외,베트남,2025/2,
레노덤 프로페셔널,해외,베트남,2025/3,
레노덤 프로페셔널,해외,베트남,2025/4,
레노덤 프로페셔널,해외,베트남,2025/5,
레노덤 프로페셔널,해외,베트남,2025/6,
레노덤 프로페셔널,해외,베트남,2025/7,
레노덤 프로페셔널,해외,베트남,2025/8,
레노덤 프로페셔널,해외,베트남,2025/9,
레노덤 프로페셔널,해외,베트남,2025/10,
레노덤 프로페셔널,해외,베트남,2025/11,
레노덤 프로페셔널,해외,베트남,2025/12,
레노덤 프로페셔널,해외,일본,2025/1,
레노덤 프로페셔널,해외,일본,2025/2,
레노덤 프로페셔널,해외,일본,2025/3,
레노덤 프로페셔널,해외,일본,2025/4,
레노덤 프로페셔널,해외,일본,2025/5,
레노덤 프로페셔널,해외,일본,2025/6,
레노덤 프로페셔널,해외,일본,2025/7,
레노덤 프로페셔널,해외,일본,2025/8,
레노덤 프로페셔널,해외,일본,2025/9,
레노덤 프로페셔널,해외,일본,2025/10,
레노덤 프로페셔널,해외,일본,2025/11,
레노덤 프로페셔널,해외,일본,2025/12,
레노덤 프로페셔널,해외,중국,2025/1,
레노덤 프로페셔널,해외,중국,2025/2,
레노덤 프로페셔널,해외,중국,2025/3,
레노덤 프로페셔널,해외,중국,2025/4,
레노덤 프로페셔널,해외,중국,2025/5,
레노덤 프로페셔널,해외,중국,2025/6,
레노덤 프로페셔널,해외,중국,2025/7,
레노덤 프로페셔널,해외,중국,2025/8,
레노덤 프로페셔널,해외,중국,2025/9,
레노덤 프로페셔널,해외,중국,2025/10,
레노덤 프로페셔널,해외,중국,2025/11,
레노덤 프로페셔널,해외,중국,2025/12,
레노덤 프로페셔널,해외,캐나다,2025/1,
레노덤 프로페셔널,해외,캐나다,2025/2,
레노덤 프로페셔널,해외,캐나다,2025/3,
레노덤 프로페셔널,해외,캐나다,2025/4,
레노덤 프로페셔널,해외,캐나다,2025/5,
레노덤 프로페셔널,해외,캐나다,2025/6,
레노덤 프로페셔널,해외,캐나다,2025/7,
레노덤 프로페셔널,해외,캐나다,2025/8,
레노덤 프로페셔널,해외,캐나다,2025/9,
레노덤 프로페셔널,해외,캐나다,2025/10,
레노덤 프로페셔널,해외,캐나다,2025/11,
레노덤 프로페셔널,해외,캐나다,2025/12,
엑스비앙스,국내,공식몰,2025/1,"₩41,148,491"
엑스비앙스,국내,공식몰,2025/2,"₩24,477,726"
엑스비앙스,국내,공식몰,2025/3,"₩30,296,059"
엑스비앙스,국내,공식몰,2025/4,"₩28,967,517"
엑스비앙스,국내,공식몰,2025/5,"₩32,910,012"
엑스비앙스,국내,공식몰,2025/6,"₩13,576,413"
엑스비앙스,국내,공식몰,2025/7,"₩7,156,665"
엑스비앙스,국내,공식몰,2025/8,"₩17,238,530"
엑스비앙스,국내,공식몰,2025/9,"₩17,859,087"
엑스비앙스,국내,공식몰,2025/10,"₩23,624,978"
엑스비앙스,국내,공식몰,2025/11,"₩78,890,148"
엑스비앙스,국내,공식몰,2025/12,"₩17,600,000"
엑스비앙스,국내,기타,2025/1,
엑스비앙스,국내,기타,2025/2,
엑스비앙스,국내,기타,2025/3,
엑스비앙스,국내,기타,2025/4,
엑스비앙스,국내,기타,2025/5,
엑스비앙스,국내,기타,2025/6,
엑스비앙스,국내,기타,2025/7,
엑스비앙스,국내,기타,2025/8,
엑스비앙스,국내,기타,2025/9,
엑스비앙스,국내,기타,2025/10,
엑스비앙스,국내,기타,2025/11,
엑스비앙스,국내,기타,2025/12,
엑스비앙스,국내,대리점,2025/1,
엑스비앙스,국내,대리점,2025/2,
엑스비앙스,국내,대리점,2025/3,
엑스비앙스,국내,대리점,2025/4,
엑스비앙스,국내,대리점,2025/5,
엑스비앙스,국내,대리점,2025/6,
엑스비앙스,국내,대리점,2025/7,
엑스비앙스,국내,대리점,2025/8,
엑스비앙스,국내,대리점,2025/9,
엑스비앙스,국내,대리점,2025/10,
엑스비앙스,국내,대리점,2025/11,
엑스비앙스,국내,대리점,2025/12,
엑스비앙스,국내,링커,2025/1,
엑스비앙스,국내,링커,2025/2,
엑스비앙스,국내,링커,2025/3,
엑스비앙스,국내,링커,2025/4,
엑스비앙스,국내,링커,2025/5,
엑스비앙스,국내,링커,2025/6,
엑스비앙스,국내,링커,2025/7,
엑스비앙스,국내,링커,2025/8,
엑스비앙스,국내,링커,2025/9,
엑스비앙스,국내,링커,2025/10,
엑스비앙스,국내,링커,2025/11,
엑스비앙스,국내,링커,2025/12,
엑스비앙스,국내,면세점,2025/1,
엑스비앙스,국내,면세점,2025/2,
엑스비앙스,국내,면세점,2025/3,
엑스비앙스,국내,면세점,2025/4,
엑스비앙스,국내,면세점,2025/5,
엑스비앙스,국내,면세점,2025/6,
엑스비앙스,국내,면세점,2025/7,
엑스비앙스,국내,면세점,2025/8,
엑스비앙스,국내,면세점,2025/9,
엑스비앙스,국내,면세점,2025/10,
엑스비앙스,국내,면세점,2025/11,
엑스비앙스,국내,면세점,2025/12,
엑스비앙스,국내,병원,2025/1,
엑스비앙스,국내,병원,2025/2,
엑스비앙스,국내,병원,2025/3,
엑스비앙스,국내,병원,2025/4,
엑스비앙스,국내,병원,2025/5,
엑스비앙스,국내,병원,2025/6,
엑스비앙스,국내,병원,2025/7,
엑스비앙스,국내,병원,2025/8,
엑스비앙스,국내,병원,2025/9,
엑스비앙스,국내,병원,2025/10,
엑스비앙스,국내,병원,2025/11,
엑스비앙스,국내,병원,2025/12,
엑스비앙스,국내,소호몰,2025/1,"₩41,148,491"
엑스비앙스,국내,소호몰,2025/2,"₩24,477,726"
엑스비앙스,국내,소호몰,2025/3,"₩30,296,059"
엑스비앙스,국내,소호몰,2025/4,"₩28,967,517"
엑스비앙스,국내,소호몰,2025/5,"₩32,910,012"
엑스비앙스,국내,소호몰,2025/6,"₩13,576,413"
엑스비앙스,국내,소호몰,2025/7,"₩7,156,665"
엑스비앙스,국내,소호몰,2025/8,"₩17,238,530"
엑스비앙스,국내,소호몰,2025/9,"₩17,859,087"
엑스비앙스,국내,소호몰,2025/10,"₩23,624,978"
엑스비앙스,국내,소호몰,2025/11,"₩78,890,148"
엑스비앙스,국내,소호몰,2025/12,"₩17,600,000"
엑스비앙스,국내,종합몰,2025/1,"₩41,148,491"
엑스비앙스,국내,종합몰,2025/2,"₩24,477,726"
엑스비앙스,국내,종합몰,2025/3,"₩30,296,059"
엑스비앙스,국내,종합몰,2025/4,"₩28,967,517"
엑스비앙스,국내,종합몰,2025/5,"₩32,910,012"
엑스비앙스,국내,종합몰,2025/6,"₩13,576,413"
엑스비앙스,국내,종합몰,2025/7,"₩7,156,665"
엑스비앙스,국내,종합몰,2025/8,"₩17,238,530"
엑스비앙스,국내,종합몰,2025/9,"₩17,859,087"
엑스비앙스,국내,종합몰,2025/10,"₩23,624,978"
엑스비앙스,국내,종합몰,2025/11,"₩78,890,148"
엑스비앙스,국내,종합몰,2025/12,"₩17,600,000"
엑스비앙스,국내,피부관리실,2025/1,
엑스비앙스,국내,피부관리실,2025/2,
엑스비앙스,국내,피부관리실,2025/3,
엑스비앙스,국내,피부관리실,2025/4,
엑스비앙스,국내,피부관리실,2025/5,
엑스비앙스,국내,피부관리실,2025/6,
엑스비앙스,국내,피부관리실,2025/7,
엑스비앙스,국내,피부관리실,2025/8,
엑스비앙스,국내,피부관리실,2025/9,
엑스비앙스,국내,피부관리실,2025/10,
엑스비앙스,국내,피부관리실,2025/11,
엑스비앙스,국내,피부관리실,2025/12,
엑스비앙스,해외,기타,2025/1,
엑스비앙스,해외,기타,2025/2,
엑스비앙스,해외,기타,2025/3,
엑스비앙스,해외,기타,2025/4,
엑스비앙스,해외,기타,2025/5,
엑스비앙스,해외,기타,2025/6,
엑스비앙스,해외,기타,2025/7,
엑스비앙스,해외,기타,2025/8,
엑스비앙스,해외,기타,2025/9,
엑스비앙스,해외,기타,2025/10,
엑스비앙스,해외,기타,2025/11,
엑스비앙스,해외,기타,2025/12,
엑스비앙스,해외,베트남,2025/1,
엑스비앙스,해외,베트남,2025/2,
엑스비앙스,해외,베트남,2025/3,
엑스비앙스,해외,베트남,2025/4,
엑스비앙스,해외,베트남,2025/5,
엑스비앙스,해외,베트남,2025/6,
엑스비앙스,해외,베트남,2025/7,
엑스비앙스,해외,베트남,2025/8,
엑스비앙스,해외,베트남,2025/9,
엑스비앙스,해외,베트남,2025/10,
엑스비앙스,해외,베트남,2025/11,
엑스비앙스,해외,베트남,2025/12,
엑스비앙스,해외,일본,2025/1,
엑스비앙스,해외,일본,2025/2,
엑스비앙스,해외,일본,2025/3,
엑스비앙스,해외,일본,2025/4,
엑스비앙스,해외,일본,2025/5,
엑스비앙스,해외,일본,2025/6,
엑스비앙스,해외,일본,2025/7,
엑스비앙스,해외,일본,2025/8,
엑스비앙스,해외,일본,2025/9,
엑스비앙스,해외,일본,2025/10,
엑스비앙스,해외,일본,2025/11,
엑스비앙스,해외,일본,2025/12,
엑스비앙스,해외,중국,2025/1,
엑스비앙스,해외,중국,2025/2,
엑스비앙스,해외,중국,2025/3,
엑스비앙스,해외,중국,2025/4,
엑스비앙스,해외,중국,2025/5,
엑스비앙스,해외,중국,2025/6,
엑스비앙스,해외,중국,2025/7,
엑스비앙스,해외,중국,2025/8,
엑스비앙스,해외,중국,2025/9,
엑스비앙스,해외,중국,2025/10,
엑스비앙스,해외,중국,2025/11,
엑스비앙스,해외,중국,2025/12,
엑스비앙스,해외,캐나다,2025/1,
엑스비앙스,해외,캐나다,2025/2,
엑스비앙스,해외,캐나다,2025/3,
엑스비앙스,해외,캐나다,2025/4,
엑스비앙스,해외,캐나다,2025/5,
엑스비앙스,해외,캐나다,2025/6,
엑스비앙스,해외,캐나다,2025/7,
엑스비앙스,해외,캐나다,2025/8,
엑스비앙스,해외,캐나다,2025/9,
엑스비앙스,해외,캐나다,2025/10,
엑스비앙스,해외,캐나다,2025/11,
엑스비앙스,해외,캐나다,2025/12,
크리스티나,국내,공식몰,2025/1,"₩20,265,875"
크리스티나,국내,공식몰,2025/2,"₩20,851,558"
크리스티나,국내,공식몰,2025/3,"₩27,705,298"
크리스티나,국내,공식몰,2025/4,"₩17,773,443"
크리스티나,국내,공식몰,2025/5,"₩20,120,749"
크리스티나,국내,공식몰,2025/6,"₩23,068,769"
크리스티나,국내,공식몰,2025/7,"₩29,381,315"
크리스티나,국내,공식몰,2025/8,"₩20,075,604"
크리스티나,국내,공식몰,2025/9,"₩24,577,673"
크리스티나,국내,공식몰,2025/10,"₩14,455,281"
크리스티나,국내,공식몰,2025/11,"₩48,602,949"
크리스티나,국내,공식몰,2025/12,"₩14,187,035"
크리스티나,국내,기타,2025/1,
크리스티나,국내,기타,2025/2,
크리스티나,국내,기타,2025/3,
크리스티나,국내,기타,2025/4,
크리스티나,국내,기타,2025/5,
크리스티나,국내,기타,2025/6,
크리스티나,국내,기타,2025/7,
크리스티나,국내,기타,2025/8,
크리스티나,국내,기타,2025/9,
크리스티나,국내,기타,2025/10,
크리스티나,국내,기타,2025/11,
크리스티나,국내,기타,2025/12,
크리스티나,국내,대리점,2025/1,"₩20,265,875"
크리스티나,국내,대리점,2025/2,"₩20,851,558"
크리스티나,국내,대리점,2025/3,"₩27,705,298"
크리스티나,국내,대리점,2025/4,"₩17,773,443"
크리스티나,국내,대리점,2025/5,"₩20,120,749"
크리스티나,국내,대리점,2025/6,"₩23,068,769"
크리스티나,국내,대리점,2025/7,"₩29,381,315"
크리스티나,국내,대리점,2025/8,"₩20,075,604"
크리스티나,국내,대리점,2025/9,"₩24,577,673"
크리스티나,국내,대리점,2025/10,"₩14,455,281"
크리스티나,국내,대리점,2025/11,"₩48,602,949"
크리스티나,국내,대리점,2025/12,"₩14,187,035"
크리스티나,국내,링커,2025/1,"₩20,265,875"
크리스티나,국내,링커,2025/2,"₩20,851,558"
크리스티나,국내,링커,2025/3,"₩27,705,298"
크리스티나,국내,링커,2025/4,"₩17,773,443"
크리스티나,국내,링커,2025/5,"₩20,120,749"
크리스티나,국내,링커,2025/6,"₩23,068,769"
크리스티나,국내,링커,2025/7,"₩29,381,315"
크리스티나,국내,링커,2025/8,"₩20,075,604"
크리스티나,국내,링커,2025/9,"₩24,577,673"
크리스티나,국내,링커,2025/10,"₩14,455,281"
크리스티나,국내,링커,2025/11,"₩48,602,949"
크리스티나,국내,링커,2025/12,"₩14,187,035"
크리스티나,국내,면세점,2025/1,
크리스티나,국내,면세점,2025/2,
크리스티나,국내,면세점,2025/3,
크리스티나,국내,면세점,2025/4,
크리스티나,국내,면세점,2025/5,
크리스티나,국내,면세점,2025/6,
크리스티나,국내,면세점,2025/7,
크리스티나,국내,면세점,2025/8,
크리스티나,국내,면세점,2025/9,
크리스티나,국내,면세점,2025/10,
크리스티나,국내,면세점,2025/11,
크리스티나,국내,면세점,2025/12,
크리스티나,국내,병원,2025/1,"₩20,265,875"
크리스티나,국내,병원,2025/2,"₩20,851,558"
크리스티나,국내,병원,2025/3,"₩27,705,298"
크리스티나,국내,병원,2025/4,"₩17,773,443"
크리스티나,국내,병원,2025/5,"₩20,120,749"
크리스티나,국내,병원,2025/6,"₩23,068,769"
크리스티나,국내,병원,2025/7,"₩29,381,315"
크리스티나,국내,병원,2025/8,"₩20,075,604"
크리스티나,국내,병원,2025/9,"₩24,577,673"
크리스티나,국내,병원,2025/10,"₩14,455,281"
크리스티나,국내,병원,2025/11,"₩48,602,949"
크리스티나,국내,병원,2025/12,"₩14,187,035"
크리스티나,국내,소호몰,2025/1,
크리스티나,국내,소호몰,2025/2,
크리스티나,국내,소호몰,2025/3,
크리스티나,국내,소호몰,2025/4,
크리스티나,국내,소호몰,2025/5,
크리스티나,국내,소호몰,2025/6,
크리스티나,국내,소호몰,2025/7,
크리스티나,국내,소호몰,2025/8,
크리스티나,국내,소호몰,2025/9,
크리스티나,국내,소호몰,2025/10,
크리스티나,국내,소호몰,2025/11,
크리스티나,국내,소호몰,2025/12,
크리스티나,국내,종합몰,2025/1,
크리스티나,국내,종합몰,2025/2,
크리스티나,국내,종합몰,2025/3,
크리스티나,국내,종합몰,2025/4,
크리스티나,국내,종합몰,2025/5,
크리스티나,국내,종합몰,2025/6,
크리스티나,국내,종합몰,2025/7,
크리스티나,국내,종합몰,2025/8,
크리스티나,국내,종합몰,2025/9,
크리스티나,국내,종합몰,2025/10,
크리스티나,국내,종합몰,2025/11,
크리스티나,국내,종합몰,2025/12,
크리스티나,국내,피부관리실,2025/1,"₩20,265,875"
크리스티나,국내,피부관리실,2025/2,"₩20,851,558"
크리스티나,국내,피부관리실,2025/3,"₩27,705,298"
크리스티나,국내,피부관리실,2025/4,"₩17,773,443"
크리스티나,국내,피부관리실,2025/5,"₩20,120,749"
크리스티나,국내,피부관리실,2025/6,"₩23,068,769"
크리스티나,국내,피부관리실,2025/7,"₩29,381,315"
크리스티나,국내,피부관리실,2025/8,"₩20,075,604"
크리스티나,국내,피부관리실,2025/9,"₩24,577,673"
크리스티나,국내,피부관리실,2025/10,"₩14,455,281"
크리스티나,국내,피부관리실,2025/11,"₩48,602,949"
크리스티나,국내,피부관리실,2025/12,"₩14,187,035"
크리스티나,해외,기타,2025/1,
크리스티나,해외,기타,2025/2,
크리스티나,해외,기타,2025/3,
크리스티나,해외,기타,2025/4,
크리스티나,해외,기타,2025/5,
크리스티나,해외,기타,2025/6,
크리스티나,해외,기타,2025/7,
크리스티나,해외,기타,2025/8,
크리스티나,해외,기타,2025/9,
크리스티나,해외,기타,2025/10,
크리스티나,해외,기타,2025/11,
크리스티나,해외,기타,2025/12,
크리스티나,해외,베트남,2025/1,
크리스티나,해외,베트남,2025/2,
크리스티나,해외,베트남,2025/3,
크리스티나,해외,베트남,2025/4,
크리스티나,해외,베트남,2025/5,
크리스티나,해외,베트남,2025/6,
크리스티나,해외,베트남,2025/7,
크리스티나,해외,베트남,2025/8,
크리스티나,해외,베트남,2025/9,
크리스티나,해외,베트남,2025/10,
크리스티나,해외,베트남,2025/11,
크리스티나,해외,베트남,2025/12,
크리스티나,해외,일본,2025/1,
크리스티나,해외,일본,2025/2,
크리스티나,해외,일본,2025/3,
크리스티나,해외,일본,2025/4,
크리스티나,해외,일본,2025/5,
크리스티나,해외,일본,2025/6,
크리스티나,해외,일본,2025/7,
크리스티나,해외,일본,2025/8,
크리스티나,해외,일본,2025/9,
크리스티나,해외,일본,2025/10,
크리스티나,해외,일본,2025/11,
크리스티나,해외,일본,2025/12,
크리스티나,해외,중국,2025/1,
크리스티나,해외,중국,2025/2,
크리스티나,해외,중국,2025/3,
크리스티나,해외,중국,2025/4,
크리스티나,해외,중국,2025/5,
크리스티나,해외,중국,2025/6,
크리스티나,해외,중국,2025/7,
크리스티나,해외,중국,2025/8,
크리스티나,해외,중국,2025/9,
크리스티나,해외,중국,2025/10,
크리스티나,해외,중국,2025/11,
크리스티나,해외,중국,2025/12,
크리스티나,해외,캐나다,2025/1,
크리스티나,해외,캐나다,2025/2,
크리스티나,해외,캐나다,2025/3,
크리스티나,해외,캐나다,2025/4,
크리스티나,해외,캐나다,2025/5,
크리스티나,해외,캐나다,2025/6,
크리스티나,해외,캐나다,2025/7,
크리스티나,해외,캐나다,2025/8,
크리스티나,해외,캐나다,2025/9,
크리스티나,해외,캐나다,2025/10,
크리스티나,해외,캐나다,2025/11,
크리스티나,해외,캐나다,2025/12,
헤이우,국내,공식몰,2025/1,"488,836"
헤이우,국내,공식몰,2025/2,"1,167,463"
헤이우,국내,공식몰,2025/3,"1,327,866"
헤이우,국내,공식몰,2025/4,"1,540,936"
헤이우,국내,공식몰,2025/5,"1,540,936"
헤이우,국내,공식몰,2025/6,"1,540,936"
헤이우,국내,공식몰,2025/7,"1,540,936"
헤이우,국내,공식몰,2025/8,"2,219,562"
헤이우,국내,공식몰,2025/9,"2,219,562"
헤이우,국내,공식몰,2025/10,"2,219,562"
헤이우,국내,공식몰,2025/11,"2,219,562"
헤이우,국내,공식몰,2025/12,"2,219,562"
헤이우,국내,기타,2025/1,
헤이우,국내,기타,2025/2,
헤이우,국내,기타,2025/3,
헤이우,국내,기타,2025/4,
헤이우,국내,기타,2025/5,
헤이우,국내,기타,2025/6,
헤이우,국내,기타,2025/7,
헤이우,국내,기타,2025/8,
헤이우,국내,기타,2025/9,
헤이우,국내,기타,2025/10,
헤이우,국내,기타,2025/11,
헤이우,국내,기타,2025/12,
헤이우,국내,대리점,2025/1,
헤이우,국내,대리점,2025/2,
헤이우,국내,대리점,2025/3,
헤이우,국내,대리점,2025/4,
헤이우,국내,대리점,2025/5,
헤이우,국내,대리점,2025/6,
헤이우,국내,대리점,2025/7,
헤이우,국내,대리점,2025/8,
헤이우,국내,대리점,2025/9,
헤이우,국내,대리점,2025/10,
헤이우,국내,대리점,2025/11,
헤이우,국내,대리점,2025/12,
헤이우,국내,링커,2025/1,
헤이우,국내,링커,2025/2,
헤이우,국내,링커,2025/3,
헤이우,국내,링커,2025/4,
헤이우,국내,링커,2025/5,
헤이우,국내,링커,2025/6,
헤이우,국내,링커,2025/7,
헤이우,국내,링커,2025/8,
헤이우,국내,링커,2025/9,
헤이우,국내,링커,2025/10,
헤이우,국내,링커,2025/11,
헤이우,국내,링커,2025/12,
헤이우,국내,면세점,2025/1,
헤이우,국내,면세점,2025/2,
헤이우,국내,면세점,2025/3,
헤이우,국내,면세점,2025/4,
헤이우,국내,면세점,2025/5,
헤이우,국내,면세점,2025/6,
헤이우,국내,면세점,2025/7,
헤이우,국내,면세점,2025/8,
헤이우,국내,면세점,2025/9,
헤이우,국내,면세점,2025/10,
헤이우,국내,면세점,2025/11,
헤이우,국내,면세점,2025/12,
헤이우,국내,병원,2025/1,
헤이우,국내,병원,2025/2,
헤이우,국내,병원,2025/3,
헤이우,국내,병원,2025/4,
헤이우,국내,병원,2025/5,
헤이우,국내,병원,2025/6,
헤이우,국내,병원,2025/7,
헤이우,국내,병원,2025/8,
헤이우,국내,병원,2025/9,
헤이우,국내,병원,2025/10,
헤이우,국내,병원,2025/11,
헤이우,국내,병원,2025/12,
헤이우,국내,소호몰,2025/1,"488,836"
헤이우,국내,소호몰,2025/2,"1,167,463"
헤이우,국내,소호몰,2025/3,"1,327,866"
헤이우,국내,소호몰,2025/4,"1,540,936"
헤이우,국내,소호몰,2025/5,"1,540,936"
헤이우,국내,소호몰,2025/6,"1,540,936"
헤이우,국내,소호몰,2025/7,"1,540,936"
헤이우,국내,소호몰,2025/8,"2,219,562"
헤이우,국내,소호몰,2025/9,"2,219,562"
헤이우,국내,소호몰,2025/10,"2,219,562"
헤이우,국내,소호몰,2025/11,"2,219,562"
헤이우,국내,소호몰,2025/12,"2,219,562"
헤이우,국내,종합몰,2025/1,"488,836"
헤이우,국내,종합몰,2025/2,"1,167,463"
헤이우,국내,종합몰,2025/3,"1,327,866"
헤이우,국내,종합몰,2025/4,"1,540,936"
헤이우,국내,종합몰,2025/5,"1,540,936"
헤이우,국내,종합몰,2025/6,"1,540,936"
헤이우,국내,종합몰,2025/7,"1,540,936"
헤이우,국내,종합몰,2025/8,"2,219,562"
헤이우,국내,종합몰,2025/9,"2,219,562"
헤이우,국내,종합몰,2025/10,"2,219,562"
헤이우,국내,종합몰,2025/11,"2,219,562"
헤이우,국내,종합몰,2025/12,"2,219,562"
헤이우,국내,피부관리실,2025/1,
헤이우,국내,피부관리실,2025/2,
헤이우,국내,피부관리실,2025/3,
헤이우,국내,피부관리실,2025/4,
헤이우,국내,피부관리실,2025/5,
헤이우,국내,피부관리실,2025/6,
헤이우,국내,피부관리실,2025/7,
헤이우,국내,피부관리실,2025/8,
헤이우,국내,피부관리실,2025/9,
헤이우,국내,피부관리실,2025/10,
헤이우,국내,피부관리실,2025/11,
헤이우,국내,피부관리실,2025/12,
헤이우,해외,기타,2025/1,
헤이우,해외,기타,2025/2,
헤이우,해외,기타,2025/3,
헤이우,해외,기타,2025/4,
헤이우,해외,기타,2025/5,
헤이우,해외,기타,2025/6,
헤이우,해외,기타,2025/7,
헤이우,해외,기타,2025/8,
헤이우,해외,기타,2025/9,
헤이우,해외,기타,2025/10,
헤이우,해외,기타,2025/11,
헤이우,해외,기타,2025/12,
헤이우,해외,베트남,2025/1,
헤이우,해외,베트남,2025/2,
헤이우,해외,베트남,2025/3,
헤이우,해외,베트남,2025/4,
헤이우,해외,베트남,2025/5,
헤이우,해외,베트남,2025/6,
헤이우,해외,베트남,2025/7,
헤이우,해외,베트남,2025/8,
헤이우,해외,베트남,2025/9,
헤이우,해외,베트남,2025/10,
헤이우,해외,베트남,2025/11,
헤이우,해외,베트남,2025/12,
헤이우,해외,일본,2025/1,
헤이우,해외,일본,2025/2,
헤이우,해외,일본,2025/3,
헤이우,해외,일본,2025/4,
헤이우,해외,일본,2025/5,
헤이우,해외,일본,2025/6,
헤이우,해외,일본,2025/7,
헤이우,해외,일본,2025/8,
헤이우,해외,일본,2025/9,
헤이우,해외,일본,2025/10,
헤이우,해외,일본,2025/11,
헤이우,해외,일본,2025/12,
헤이우,해외,중국,2025/1,
헤이우,해외,중국,2025/2,
헤이우,해외,중국,2025/3,
헤이우,해외,중국,2025/4,
헤이우,해외,중국,2025/5,
헤이우,해외,중국,2025/6,
헤이우,해외,중국,2025/7,
헤이우,해외,중국,2025/8,
헤이우,해외,중국,2025/9,
헤이우,해외,중국,2025/10,
헤이우,해외,중국,2025/11,
헤이우,해외,중국,2025/12,
헤이우,해외,캐나다,2025/1,
헤이우,해외,캐나다,2025/2,
헤이우,해외,캐나다,2025/3,
헤이우,해외,캐나다,2025/4,
헤이우,해외,캐나다,2025/5,
헤이우,해외,캐나다,2025/6,
헤이우,해외,캐나다,2025/7,
헤이우,해외,캐나다,2025/8,
헤이우,해외,캐나다,2025/9,
헤이우,해외,캐나다,2025/10,
헤이우,해외,캐나다,2025/11,
헤이우,해외,캐나다,2025/12,
레노덤,국내,공식몰,2026/1,"₩44,742,047"
레노덤,국내,공식몰,2026/2,"₩44,813,139"
레노덤,국내,공식몰,2026/3,"₩45,085,790"
레노덤,국내,공식몰,2026/4,"₩44,989,346"
레노덤,국내,공식몰,2026/5,"₩44,942,189"
레노덤,국내,공식몰,2026/6,"₩158,315,577"
레노덤,국내,공식몰,2026/7,"₩52,545,844"
레노덤,국내,공식몰,2026/8,"₩54,969,669"
레노덤,국내,공식몰,2026/9,"₩56,155,090"
레노덤,국내,공식몰,2026/10,"₩73,468,760"
레노덤,국내,공식몰,2026/11,"₩196,939,720"
레노덤,국내,공식몰,2026/12,"₩38,331,630"
레노덤,국내,기타,2026/1,
레노덤,국내,기타,2026/2,
레노덤,국내,기타,2026/3,
레노덤,국내,기타,2026/4,
레노덤,국내,기타,2026/5,
레노덤,국내,기타,2026/6,
레노덤,국내,기타,2026/7,
레노덤,국내,기타,2026/8,
레노덤,국내,기타,2026/9,
레노덤,국내,기타,2026/10,
레노덤,국내,기타,2026/11,
레노덤,국내,기타,2026/12,
레노덤,국내,올리브영,2026/1,
레노덤,국내,올리브영,2026/2,
레노덤,국내,올리브영,2026/3,
레노덤,국내,올리브영,2026/4,"₩60,000,000"
레노덤,국내,올리브영,2026/5,"₩60,000,000"
레노덤,국내,올리브영,2026/6,"₩84,000,000"
레노덤,국내,올리브영,2026/7,"₩30,000,000"
레노덤,국내,올리브영,2026/8,"₩60,000,000"
레노덤,국내,올리브영,2026/9,"₩51,000,000"
레노덤,국내,올리브영,2026/10,"₩60,000,000"
레노덤,국내,올리브영,2026/11,"₩42,000,000"
레노덤,국내,올리브영,2026/12,"₩60,000,000"
레노덤,국내,링커,2026/1,
레노덤,국내,링커,2026/2,
레노덤,국내,링커,2026/3,
레노덤,국내,링커,2026/4,
레노덤,국내,링커,2026/5,
레노덤,국내,링커,2026/6,
레노덤,국내,링커,2026/7,
레노덤,국내,링커,2026/8,
레노덤,국내,링커,2026/9,
레노덤,국내,링커,2026/10,
레노덤,국내,링커,2026/11,
레노덤,국내,링커,2026/12,
레노덤,국내,면세점,2026/1,"₩100,392,866"
레노덤,국내,면세점,2026/2,"₩100,392,866"
레노덤,국내,면세점,2026/3,"₩100,392,866"
레노덤,국내,면세점,2026/4,"₩100,392,866"
레노덤,국내,면세점,2026/5,"₩100,392,866"
레노덤,국내,면세점,2026/6,"₩127,624,957"
레노덤,국내,면세점,2026/7,"₩100,392,866"
레노덤,국내,면세점,2026/8,"₩100,392,866"
레노덤,국내,면세점,2026/9,"₩100,392,866"
레노덤,국내,면세점,2026/10,"₩100,392,866"
레노덤,국내,면세점,2026/11,"₩100,392,866"
레노덤,국내,면세점,2026/12,"₩100,392,866"
레노덤,국내,바크로하우스,2026/1,"₩14,449,280"
레노덤,국내,바크로하우스,2026/2,"₩14,449,280"
레노덤,국내,바크로하우스,2026/3,"₩14,449,280"
레노덤,국내,바크로하우스,2026/4,"₩14,449,280"
레노덤,국내,바크로하우스,2026/5,"₩14,449,280"
레노덤,국내,바크로하우스,2026/6,"₩25,970,000"
레노덤,국내,바크로하우스,2026/7,"₩10,174,496"
레노덤,국내,바크로하우스,2026/8,"₩14,449,280"
레노덤,국내,바크로하우스,2026/9,"₩14,449,280"
레노덤,국내,바크로하우스,2026/10,"₩14,449,280"
레노덤,국내,바크로하우스,2026/11,"₩25,830,000"
레노덤,국내,바크로하우스,2026/12,"₩10,174,496"
레노덤,국내,소호몰,2026/1,"₩32,385,070"
레노덤,국내,소호몰,2026/2,"₩32,385,070"
레노덤,국내,소호몰,2026/3,"₩32,385,070"
레노덤,국내,소호몰,2026/4,"₩32,385,070"
레노덤,국내,소호몰,2026/5,"₩126,890,703"
레노덤,국내,소호몰,2026/6,"₩9,527,713"
레노덤,국내,소호몰,2026/7,"₩32,385,070"
레노덤,국내,소호몰,2026/8,"₩32,385,070"
레노덤,국내,소호몰,2026/9,"₩32,385,070"
레노덤,국내,소호몰,2026/10,"₩152,268,844"
레노덤,국내,소호몰,2026/11,"₩9,527,713"
레노덤,국내,소호몰,2026/12,"₩32,385,070"
레노덤,국내,종합몰,2026/1,
레노덤,국내,종합몰,2026/2,
레노덤,국내,종합몰,2026/3,
레노덤,국내,종합몰,2026/4,
레노덤,국내,종합몰,2026/5,
레노덤,국내,종합몰,2026/6,
레노덤,국내,종합몰,2026/7,
레노덤,국내,종합몰,2026/8,
레노덤,국내,종합몰,2026/9,
레노덤,국내,종합몰,2026/10,
레노덤,국내,종합몰,2026/11,
레노덤,국내,종합몰,2026/12,
레노덤,국내,바크로하우스 대리점,2026/1,"₩21,750,000"
레노덤,국내,바크로하우스 대리점,2026/2,"₩17,670,000"
레노덤,국내,바크로하우스 대리점,2026/3,"₩17,670,000"
레노덤,국내,바크로하우스 대리점,2026/4,"₩17,670,000"
레노덤,국내,바크로하우스 대리점,2026/5,"₩17,670,000"
레노덤,국내,바크로하우스 대리점,2026/6,"₩12,418,000"
레노덤,국내,바크로하우스 대리점,2026/7,"₩8,870,000"
레노덤,국내,바크로하우스 대리점,2026/8,"₩17,670,000"
레노덤,국내,바크로하우스 대리점,2026/9,"₩17,670,000"
레노덤,국내,바크로하우스 대리점,2026/10,"₩17,670,000"
레노덤,국내,바크로하우스 대리점,2026/11,"₩12,418,000"
레노덤,국내,바크로하우스 대리점,2026/12,"₩8,870,000"
기타,국내,공식몰,2026/1,
기타,국내,공식몰,2026/2,
기타,국내,공식몰,2026/3,
기타,국내,공식몰,2026/4,
기타,국내,공식몰,2026/5,
기타,국내,공식몰,2026/6,
기타,국내,공식몰,2026/7,
기타,국내,공식몰,2026/8,
기타,국내,공식몰,2026/9,
기타,국내,공식몰,2026/10,
기타,국내,공식몰,2026/11,
기타,국내,공식몰,2026/12,
기타,국내,기타,2026/1,"₩30,000,000"
기타,국내,기타,2026/2,"₩30,000,000"
기타,국내,기타,2026/3,"₩30,000,000"
기타,국내,기타,2026/4,"₩30,000,000"
기타,국내,기타,2026/5,"₩30,000,000"
기타,국내,기타,2026/6,"₩30,000,000"
기타,국내,기타,2026/7,"₩30,000,000"
기타,국내,기타,2026/8,"₩30,000,000"
기타,국내,기타,2026/9,"₩30,000,000"
기타,국내,기타,2026/10,"₩30,000,000"
기타,국내,기타,2026/11,"₩30,000,000"
기타,국내,기타,2026/12,"₩30,000,000"
기타,국내,대리점,2026/1,
기타,국내,대리점,2026/2,
기타,국내,대리점,2026/3,
기타,국내,대리점,2026/4,
기타,국내,대리점,2026/5,
기타,국내,대리점,2026/6,
기타,국내,대리점,2026/7,
기타,국내,대리점,2026/8,
기타,국내,대리점,2026/9,
기타,국내,대리점,2026/10,
기타,국내,대리점,2026/11,
기타,국내,대리점,2026/12,
기타,국내,링커,2026/1,
기타,국내,링커,2026/2,
기타,국내,링커,2026/3,
기타,국내,링커,2026/4,
기타,국내,링커,2026/5,
기타,국내,링커,2026/6,
기타,국내,링커,2026/7,
기타,국내,링커,2026/8,
기타,국내,링커,2026/9,
기타,국내,링커,2026/10,
기타,국내,링커,2026/11,
기타,국내,링커,2026/12,
기타,국내,면세점,2026/1,
기타,국내,면세점,2026/2,
기타,국내,면세점,2026/3,
기타,국내,면세점,2026/4,
기타,국내,면세점,2026/5,
기타,국내,면세점,2026/6,
기타,국내,면세점,2026/7,
기타,국내,면세점,2026/8,
기타,국내,면세점,2026/9,
기타,국내,면세점,2026/10,
기타,국내,면세점,2026/11,
기타,국내,면세점,2026/12,
기타,국내,병원,2026/1,
기타,국내,병원,2026/2,
기타,국내,병원,2026/3,
기타,국내,병원,2026/4,
기타,국내,병원,2026/5,
기타,국내,병원,2026/6,
기타,국내,병원,2026/7,
기타,국내,병원,2026/8,
기타,국내,병원,2026/9,
기타,국내,병원,2026/10,
기타,국내,병원,2026/11,
기타,국내,병원,2026/12,
기타,국내,소호몰,2026/1,
기타,국내,소호몰,2026/2,
기타,국내,소호몰,2026/3,
기타,국내,소호몰,2026/4,
기타,국내,소호몰,2026/5,
기타,국내,소호몰,2026/6,
기타,국내,소호몰,2026/7,
기타,국내,소호몰,2026/8,
기타,국내,소호몰,2026/9,
기타,국내,소호몰,2026/10,
기타,국내,소호몰,2026/11,
기타,국내,소호몰,2026/12,
기타,국내,종합몰,2026/1,
기타,국내,종합몰,2026/2,
기타,국내,종합몰,2026/3,
기타,국내,종합몰,2026/4,
기타,국내,종합몰,2026/5,
기타,국내,종합몰,2026/6,
기타,국내,종합몰,2026/7,
기타,국내,종합몰,2026/8,
기타,국내,종합몰,2026/9,
기타,국내,종합몰,2026/10,
기타,국내,종합몰,2026/11,
기타,국내,종합몰,2026/12,
기타,국내,피부관리실,2026/1,
기타,국내,피부관리실,2026/2,
기타,국내,피부관리실,2026/3,
기타,국내,피부관리실,2026/4,
기타,국내,피부관리실,2026/5,
기타,국내,피부관리실,2026/6,
기타,국내,피부관리실,2026/7,
기타,국내,피부관리실,2026/8,
기타,국내,피부관리실,2026/9,
기타,국내,피부관리실,2026/10,
기타,국내,피부관리실,2026/11,
기타,국내,피부관리실,2026/12,
네오스트라타,국내,공식몰,2026/1,
네오스트라타,국내,공식몰,2026/2,
네오스트라타,국내,공식몰,2026/3,
네오스트라타,국내,공식몰,2026/4,
네오스트라타,국내,공식몰,2026/5,
네오스트라타,국내,공식몰,2026/6,
네오스트라타,국내,공식몰,2026/7,
네오스트라타,국내,공식몰,2026/8,
네오스트라타,국내,공식몰,2026/9,
네오스트라타,국내,공식몰,2026/10,
네오스트라타,국내,공식몰,2026/11,
네오스트라타,국내,공식몰,2026/12,
네오스트라타,국내,기타,2026/1,
네오스트라타,국내,기타,2026/2,
네오스트라타,국내,기타,2026/3,
네오스트라타,국내,기타,2026/4,
네오스트라타,국내,기타,2026/5,
네오스트라타,국내,기타,2026/6,
네오스트라타,국내,기타,2026/7,
네오스트라타,국내,기타,2026/8,
네오스트라타,국내,기타,2026/9,
네오스트라타,국내,기타,2026/10,
네오스트라타,국내,기타,2026/11,
네오스트라타,국내,기타,2026/12,
네오스트라타,국내,대리점,2026/1,"₩21,353,185"
네오스트라타,국내,대리점,2026/2,"₩21,353,185"
네오스트라타,국내,대리점,2026/3,"₩21,353,185"
네오스트라타,국내,대리점,2026/4,"₩21,353,185"
네오스트라타,국내,대리점,2026/5,"₩21,353,185"
네오스트라타,국내,대리점,2026/6,"₩55,539,085"
네오스트라타,국내,대리점,2026/7,"₩10,676,592"
네오스트라타,국내,대리점,2026/8,"₩21,353,185"
네오스트라타,국내,대리점,2026/9,"₩21,353,185"
네오스트라타,국내,대리점,2026/10,"₩21,353,185"
네오스트라타,국내,대리점,2026/11,"₩55,539,085"
네오스트라타,국내,대리점,2026/12,"₩10,676,592"
네오스트라타,국내,링커,2026/1,
네오스트라타,국내,링커,2026/2,
네오스트라타,국내,링커,2026/3,
네오스트라타,국내,링커,2026/4,
네오스트라타,국내,링커,2026/5,
네오스트라타,국내,링커,2026/6,
네오스트라타,국내,링커,2026/7,
네오스트라타,국내,링커,2026/8,
네오스트라타,국내,링커,2026/9,
네오스트라타,국내,링커,2026/10,
네오스트라타,국내,링커,2026/11,
네오스트라타,국내,링커,2026/12,
네오스트라타,국내,면세점,2026/1,
네오스트라타,국내,면세점,2026/2,
네오스트라타,국내,면세점,2026/3,
네오스트라타,국내,면세점,2026/4,
네오스트라타,국내,면세점,2026/5,
네오스트라타,국내,면세점,2026/6,
네오스트라타,국내,면세점,2026/7,
네오스트라타,국내,면세점,2026/8,
네오스트라타,국내,면세점,2026/9,
네오스트라타,국내,면세점,2026/10,
네오스트라타,국내,면세점,2026/11,
네오스트라타,국내,면세점,2026/12,
네오스트라타,국내,직거래처,2026/1,"₩85,858,808"
네오스트라타,국내,직거래처,2026/2,"₩85,858,808"
네오스트라타,국내,직거래처,2026/3,"₩85,858,808"
네오스트라타,국내,직거래처,2026/4,"₩85,858,808"
네오스트라타,국내,직거래처,2026/5,"₩85,858,808"
네오스트라타,국내,직거래처,2026/6,"₩153,146,747"
네오스트라타,국내,직거래처,2026/7,"₩43,020,509"
네오스트라타,국내,직거래처,2026/8,"₩85,858,808"
네오스트라타,국내,직거래처,2026/9,"₩85,858,808"
네오스트라타,국내,직거래처,2026/10,"₩85,858,808"
네오스트라타,국내,직거래처,2026/11,"₩153,146,747"
네오스트라타,국내,직거래처,2026/12,"₩43,020,509"
네오스트라타,국내,바크로하우스,2026/1,"₩2,773,636"
네오스트라타,국내,바크로하우스,2026/2,"₩2,773,636"
네오스트라타,국내,바크로하우스,2026/3,"₩2,773,636"
네오스트라타,국내,바크로하우스,2026/4,"₩2,773,636"
네오스트라타,국내,바크로하우스,2026/5,"₩2,773,636"
네오스트라타,국내,바크로하우스,2026/6,"₩1,764,000"
네오스트라타,국내,바크로하우스,2026/7,"₩1,525,000"
네오스트라타,국내,바크로하우스,2026/8,"₩2,773,636"
네오스트라타,국내,바크로하우스,2026/9,"₩2,773,636"
네오스트라타,국내,바크로하우스,2026/10,"₩2,773,636"
네오스트라타,국내,바크로하우스,2026/11,"₩1,764,000"
네오스트라타,국내,바크로하우스,2026/12,"₩1,525,000"
네오스트라타,국내,바크로하우스 대리점,2026/1,"₩1,208,636"
네오스트라타,국내,바크로하우스 대리점,2026/2,"₩1,208,636"
네오스트라타,국내,바크로하우스 대리점,2026/3,"₩1,208,636"
네오스트라타,국내,바크로하우스 대리점,2026/4,"₩1,208,636"
네오스트라타,국내,바크로하우스 대리점,2026/5,"₩1,208,636"
네오스트라타,국내,바크로하우스 대리점,2026/6,"₩1,353,100"
네오스트라타,국내,바크로하우스 대리점,2026/7,"₩789,318"
네오스트라타,국내,바크로하우스 대리점,2026/8,"₩1,208,636"
네오스트라타,국내,바크로하우스 대리점,2026/9,"₩1,208,636"
네오스트라타,국내,바크로하우스 대리점,2026/10,"₩1,208,636"
네오스트라타,국내,바크로하우스 대리점,2026/11,"₩1,528,100"
네오스트라타,국내,바크로하우스 대리점,2026/12,"₩737,273"
네오스트라타,국내,피부관리실,2026/1,
네오스트라타,국내,피부관리실,2026/2,
네오스트라타,국내,피부관리실,2026/3,
네오스트라타,국내,피부관리실,2026/4,
네오스트라타,국내,피부관리실,2026/5,
네오스트라타,국내,피부관리실,2026/6,
네오스트라타,국내,피부관리실,2026/7,
네오스트라타,국내,피부관리실,2026/8,
네오스트라타,국내,피부관리실,2026/9,
네오스트라타,국내,피부관리실,2026/10,
네오스트라타,국내,피부관리실,2026/11,
네오스트라타,국내,피부관리실,2026/12,
레노덤 프로페셔널,국내,공식몰,2026/1,
레노덤 프로페셔널,국내,공식몰,2026/2,
레노덤 프로페셔널,국내,공식몰,2026/3,
레노덤 프로페셔널,국내,공식몰,2026/4,
레노덤 프로페셔널,국내,공식몰,2026/5,
레노덤 프로페셔널,국내,공식몰,2026/6,
레노덤 프로페셔널,국내,공식몰,2026/7,
레노덤 프로페셔널,국내,공식몰,2026/8,
레노덤 프로페셔널,국내,공식몰,2026/9,
레노덤 프로페셔널,국내,공식몰,2026/10,
레노덤 프로페셔널,국내,공식몰,2026/11,
레노덤 프로페셔널,국내,공식몰,2026/12,
레노덤 프로페셔널,국내,기타,2026/1,
레노덤 프로페셔널,국내,기타,2026/2,
레노덤 프로페셔널,국내,기타,2026/3,
레노덤 프로페셔널,국내,기타,2026/4,
레노덤 프로페셔널,국내,기타,2026/5,
레노덤 프로페셔널,국내,기타,2026/6,
레노덤 프로페셔널,국내,기타,2026/7,
레노덤 프로페셔널,국내,기타,2026/8,
레노덤 프로페셔널,국내,기타,2026/9,
레노덤 프로페셔널,국내,기타,2026/10,
레노덤 프로페셔널,국내,기타,2026/11,
레노덤 프로페셔널,국내,기타,2026/12,
레노덤 프로페셔널,국내,대리점,2026/1,"₩35,830,218"
레노덤 프로페셔널,국내,대리점,2026/2,"₩35,830,218"
레노덤 프로페셔널,국내,대리점,2026/3,"₩35,830,218"
레노덤 프로페셔널,국내,대리점,2026/4,"₩35,830,218"
레노덤 프로페셔널,국내,대리점,2026/5,"₩35,830,218"
레노덤 프로페셔널,국내,대리점,2026/6,"₩70,915,600"
레노덤 프로페셔널,국내,대리점,2026/7,"₩17,915,109"
레노덤 프로페셔널,국내,대리점,2026/8,"₩35,830,218"
레노덤 프로페셔널,국내,대리점,2026/9,"₩35,830,218"
레노덤 프로페셔널,국내,대리점,2026/10,"₩35,830,218"
레노덤 프로페셔널,국내,대리점,2026/11,"₩70,915,600"
레노덤 프로페셔널,국내,대리점,2026/12,"₩17,915,109"
레노덤 프로페셔널,국내,링커,2026/1,
레노덤 프로페셔널,국내,링커,2026/2,
레노덤 프로페셔널,국내,링커,2026/3,
레노덤 프로페셔널,국내,링커,2026/4,
레노덤 프로페셔널,국내,링커,2026/5,
레노덤 프로페셔널,국내,링커,2026/6,
레노덤 프로페셔널,국내,링커,2026/7,
레노덤 프로페셔널,국내,링커,2026/8,
레노덤 프로페셔널,국내,링커,2026/9,
레노덤 프로페셔널,국내,링커,2026/10,
레노덤 프로페셔널,국내,링커,2026/11,
레노덤 프로페셔널,국내,링커,2026/12,
레노덤 프로페셔널,국내,면세점,2026/1,
레노덤 프로페셔널,국내,면세점,2026/2,
레노덤 프로페셔널,국내,면세점,2026/3,
레노덤 프로페셔널,국내,면세점,2026/4,
레노덤 프로페셔널,국내,면세점,2026/5,
레노덤 프로페셔널,국내,면세점,2026/6,
레노덤 프로페셔널,국내,면세점,2026/7,
레노덤 프로페셔널,국내,면세점,2026/8,
레노덤 프로페셔널,국내,면세점,2026/9,
레노덤 프로페셔널,국내,면세점,2026/10,
레노덤 프로페셔널,국내,면세점,2026/11,
레노덤 프로페셔널,국내,면세점,2026/12,
레노덤 프로페셔널,국내,직거래처,2026/1,"₩64,831,080"
레노덤 프로페셔널,국내,직거래처,2026/2,"₩64,831,080"
레노덤 프로페셔널,국내,직거래처,2026/3,"₩64,831,080"
레노덤 프로페셔널,국내,직거래처,2026/4,"₩64,831,080"
레노덤 프로페셔널,국내,직거래처,2026/5,"₩64,831,080"
레노덤 프로페셔널,국내,직거래처,2026/6,"₩144,697,560"
레노덤 프로페셔널,국내,직거래처,2026/7,"₩45,381,756"
레노덤 프로페셔널,국내,직거래처,2026/8,"₩64,831,080"
레노덤 프로페셔널,국내,직거래처,2026/9,"₩64,831,080"
레노덤 프로페셔널,국내,직거래처,2026/10,"₩64,831,080"
레노덤 프로페셔널,국내,직거래처,2026/11,"₩144,697,560"
레노덤 프로페셔널,국내,직거래처,2026/12,"₩45,381,756"
레노덤 프로페셔널,국내,소호몰,2026/1,
레노덤 프로페셔널,국내,소호몰,2026/2,
레노덤 프로페셔널,국내,소호몰,2026/3,
레노덤 프로페셔널,국내,소호몰,2026/4,
레노덤 프로페셔널,국내,소호몰,2026/5,
레노덤 프로페셔널,국내,소호몰,2026/6,
레노덤 프로페셔널,국내,소호몰,2026/7,
레노덤 프로페셔널,국내,소호몰,2026/8,
레노덤 프로페셔널,국내,소호몰,2026/9,
레노덤 프로페셔널,국내,소호몰,2026/10,
레노덤 프로페셔널,국내,소호몰,2026/11,
레노덤 프로페셔널,국내,소호몰,2026/12,
레노덤 프로페셔널,국내,종합몰,2026/1,
레노덤 프로페셔널,국내,종합몰,2026/2,
레노덤 프로페셔널,국내,종합몰,2026/3,
레노덤 프로페셔널,국내,종합몰,2026/4,
레노덤 프로페셔널,국내,종합몰,2026/5,
레노덤 프로페셔널,국내,종합몰,2026/6,
레노덤 프로페셔널,국내,종합몰,2026/7,
레노덤 프로페셔널,국내,종합몰,2026/8,
레노덤 프로페셔널,국내,종합몰,2026/9,
레노덤 프로페셔널,국내,종합몰,2026/10,
레노덤 프로페셔널,국내,종합몰,2026/11,
레노덤 프로페셔널,국내,종합몰,2026/12,
레노덤 프로페셔널,국내,피부관리실,2026/1,
레노덤 프로페셔널,국내,피부관리실,2026/2,
레노덤 프로페셔널,국내,피부관리실,2026/3,
레노덤 프로페셔널,국내,피부관리실,2026/4,
레노덤 프로페셔널,국내,피부관리실,2026/5,
레노덤 프로페셔널,국내,피부관리실,2026/6,
레노덤 프로페셔널,국내,피부관리실,2026/7,
레노덤 프로페셔널,국내,피부관리실,2026/8,
레노덤 프로페셔널,국내,피부관리실,2026/9,
레노덤 프로페셔널,국내,피부관리실,2026/10,
레노덤 프로페셔널,국내,피부관리실,2026/11,
레노덤 프로페셔널,국내,피부관리실,2026/12,
엑스비앙스,국내,공식몰,2026/1,"₩21,417,152"
엑스비앙스,국내,공식몰,2026/2,"₩21,417,152"
엑스비앙스,국내,공식몰,2026/3,"₩21,417,152"
엑스비앙스,국내,공식몰,2026/4,"₩21,417,152"
엑스비앙스,국내,공식몰,2026/5,"₩21,417,152"
엑스비앙스,국내,공식몰,2026/6,"₩196,015,749"
엑스비앙스,국내,공식몰,2026/7,"₩10,708,576"
엑스비앙스,국내,공식몰,2026/8,"₩21,417,152"
엑스비앙스,국내,공식몰,2026/9,"₩21,417,152"
엑스비앙스,국내,공식몰,2026/10,"₩21,417,152"
엑스비앙스,국내,공식몰,2026/11,"₩233,352,082"
엑스비앙스,국내,공식몰,2026/12,"₩10,708,576"
엑스비앙스,국내,기타,2026/1,
엑스비앙스,국내,기타,2026/2,
엑스비앙스,국내,기타,2026/3,
엑스비앙스,국내,기타,2026/4,
엑스비앙스,국내,기타,2026/5,
엑스비앙스,국내,기타,2026/6,
엑스비앙스,국내,기타,2026/7,
엑스비앙스,국내,기타,2026/8,
엑스비앙스,국내,기타,2026/9,
엑스비앙스,국내,기타,2026/10,
엑스비앙스,국내,기타,2026/11,
엑스비앙스,국내,기타,2026/12,
엑스비앙스,국내,대리점,2026/1,
엑스비앙스,국내,대리점,2026/2,
엑스비앙스,국내,대리점,2026/3,
엑스비앙스,국내,대리점,2026/4,
엑스비앙스,국내,대리점,2026/5,
엑스비앙스,국내,대리점,2026/6,
엑스비앙스,국내,대리점,2026/7,
엑스비앙스,국내,대리점,2026/8,
엑스비앙스,국내,대리점,2026/9,
엑스비앙스,국내,대리점,2026/10,
엑스비앙스,국내,대리점,2026/11,
엑스비앙스,국내,대리점,2026/12,
엑스비앙스,국내,링커,2026/1,
엑스비앙스,국내,링커,2026/2,
엑스비앙스,국내,링커,2026/3,
엑스비앙스,국내,링커,2026/4,
엑스비앙스,국내,링커,2026/5,
엑스비앙스,국내,링커,2026/6,
엑스비앙스,국내,링커,2026/7,
엑스비앙스,국내,링커,2026/8,
엑스비앙스,국내,링커,2026/9,
엑스비앙스,국내,링커,2026/10,
엑스비앙스,국내,링커,2026/11,
엑스비앙스,국내,링커,2026/12,
엑스비앙스,국내,면세점,2026/1,
엑스비앙스,국내,면세점,2026/2,
엑스비앙스,국내,면세점,2026/3,
엑스비앙스,국내,면세점,2026/4,
엑스비앙스,국내,면세점,2026/5,
엑스비앙스,국내,면세점,2026/6,
엑스비앙스,국내,면세점,2026/7,
엑스비앙스,국내,면세점,2026/8,
엑스비앙스,국내,면세점,2026/9,
엑스비앙스,국내,면세점,2026/10,
엑스비앙스,국내,면세점,2026/11,
엑스비앙스,국내,면세점,2026/12,
엑스비앙스,국내,병원,2026/1,
엑스비앙스,국내,병원,2026/2,
엑스비앙스,국내,병원,2026/3,
엑스비앙스,국내,병원,2026/4,
엑스비앙스,국내,병원,2026/5,
엑스비앙스,국내,병원,2026/6,
엑스비앙스,국내,병원,2026/7,
엑스비앙스,국내,병원,2026/8,
엑스비앙스,국내,병원,2026/9,
엑스비앙스,국내,병원,2026/10,
엑스비앙스,국내,병원,2026/11,
엑스비앙스,국내,병원,2026/12,
엑스비앙스,국내,소호몰,2026/1,"15,423,294"
엑스비앙스,국내,소호몰,2026/2,"15,423,294"
엑스비앙스,국내,소호몰,2026/3,"15,423,294"
엑스비앙스,국내,소호몰,2026/4,"15,423,294"
엑스비앙스,국내,소호몰,2026/5,"15,423,294"
엑스비앙스,국내,소호몰,2026/6,"15,423,294"
엑스비앙스,국내,소호몰,2026/7,"15,423,294"
엑스비앙스,국내,소호몰,2026/8,"15,423,294"
엑스비앙스,국내,소호몰,2026/9,"15,423,294"
엑스비앙스,국내,소호몰,2026/10,"15,423,294"
엑스비앙스,국내,소호몰,2026/11,"15,423,294"
엑스비앙스,국내,소호몰,2026/12,"15,423,294"
엑스비앙스,국내,종합몰,2026/1,
엑스비앙스,국내,종합몰,2026/2,
엑스비앙스,국내,종합몰,2026/3,
엑스비앙스,국내,종합몰,2026/4,
엑스비앙스,국내,종합몰,2026/5,
엑스비앙스,국내,종합몰,2026/6,
엑스비앙스,국내,종합몰,2026/7,
엑스비앙스,국내,종합몰,2026/8,
엑스비앙스,국내,종합몰,2026/9,
엑스비앙스,국내,종합몰,2026/10,
엑스비앙스,국내,종합몰,2026/11,
엑스비앙스,국내,종합몰,2026/12,
엑스비앙스,국내,피부관리실,2026/1,
엑스비앙스,국내,피부관리실,2026/2,
엑스비앙스,국내,피부관리실,2026/3,
엑스비앙스,국내,피부관리실,2026/4,
엑스비앙스,국내,피부관리실,2026/5,
엑스비앙스,국내,피부관리실,2026/6,
엑스비앙스,국내,피부관리실,2026/7,
엑스비앙스,국내,피부관리실,2026/8,
엑스비앙스,국내,피부관리실,2026/9,
엑스비앙스,국내,피부관리실,2026/10,
엑스비앙스,국내,피부관리실,2026/11,
엑스비앙스,국내,피부관리실,2026/12,
크리스티나,국내,공식몰,2026/1,
크리스티나,국내,공식몰,2026/2,
크리스티나,국내,공식몰,2026/3,
크리스티나,국내,공식몰,2026/4,
크리스티나,국내,공식몰,2026/5,
크리스티나,국내,공식몰,2026/6,
크리스티나,국내,공식몰,2026/7,
크리스티나,국내,공식몰,2026/8,
크리스티나,국내,공식몰,2026/9,
크리스티나,국내,공식몰,2026/10,
크리스티나,국내,공식몰,2026/11,
크리스티나,국내,공식몰,2026/12,
크리스티나,국내,기타,2026/1,
크리스티나,국내,기타,2026/2,
크리스티나,국내,기타,2026/3,
크리스티나,국내,기타,2026/4,
크리스티나,국내,기타,2026/5,
크리스티나,국내,기타,2026/6,
크리스티나,국내,기타,2026/7,
크리스티나,국내,기타,2026/8,
크리스티나,국내,기타,2026/9,
크리스티나,국내,기타,2026/10,
크리스티나,국내,기타,2026/11,
크리스티나,국내,기타,2026/12,
크리스티나,국내,대리점,2026/1,"₩23,900,212"
크리스티나,국내,대리점,2026/2,"₩23,900,212"
크리스티나,국내,대리점,2026/3,"₩23,900,212"
크리스티나,국내,대리점,2026/4,"₩23,900,212"
크리스티나,국내,대리점,2026/5,"₩23,900,212"
크리스티나,국내,대리점,2026/6,"₩27,497,990"
크리스티나,국내,대리점,2026/7,"₩11,950,106"
크리스티나,국내,대리점,2026/8,"₩23,900,212"
크리스티나,국내,대리점,2026/9,"₩23,900,212"
크리스티나,국내,대리점,2026/10,"₩23,900,212"
크리스티나,국내,대리점,2026/11,"₩27,497,990"
크리스티나,국내,대리점,2026/12,"₩11,950,106"
크리스티나,국내,링커,2026/1,
크리스티나,국내,링커,2026/2,
크리스티나,국내,링커,2026/3,
크리스티나,국내,링커,2026/4,
크리스티나,국내,링커,2026/5,
크리스티나,국내,링커,2026/6,
크리스티나,국내,링커,2026/7,
크리스티나,국내,링커,2026/8,
크리스티나,국내,링커,2026/9,
크리스티나,국내,링커,2026/10,
크리스티나,국내,링커,2026/11,
크리스티나,국내,링커,2026/12,
크리스티나,국내,면세점,2026/1,
크리스티나,국내,면세점,2026/2,
크리스티나,국내,면세점,2026/3,
크리스티나,국내,면세점,2026/4,
크리스티나,국내,면세점,2026/5,
크리스티나,국내,면세점,2026/6,
크리스티나,국내,면세점,2026/7,
크리스티나,국내,면세점,2026/8,
크리스티나,국내,면세점,2026/9,
크리스티나,국내,면세점,2026/10,
크리스티나,국내,면세점,2026/11,
크리스티나,국내,면세점,2026/12,
크리스티나,국내,직거래처,2026/1,"₩97,523,929"
크리스티나,국내,직거래처,2026/2,"₩97,523,929"
크리스티나,국내,직거래처,2026/3,"₩97,863,098"
크리스티나,국내,직거래처,2026/4,"₩97,523,929"
크리스티나,국내,직거래처,2026/5,"₩97,523,929"
크리스티나,국내,직거래처,2026/6,"₩118,677,425"
크리스티나,국내,직거래처,2026/7,"₩51,230,439"
크리스티나,국내,직거래처,2026/8,"₩97,523,929"
크리스티나,국내,직거래처,2026/9,"₩97,523,929"
크리스티나,국내,직거래처,2026/10,"₩97,523,929"
크리스티나,국내,직거래처,2026/11,"₩118,677,425"
크리스티나,국내,직거래처,2026/12,"₩51,230,439"
크리스티나,국내,바크로하우스,2026/1,"₩2,853,000"
크리스티나,국내,바크로하우스,2026/2,"₩2,853,000"
크리스티나,국내,바크로하우스,2026/3,"₩2,853,000"
크리스티나,국내,바크로하우스,2026/4,"₩2,853,000"
크리스티나,국내,바크로하우스,2026/5,"₩2,853,000"
크리스티나,국내,바크로하우스,2026/6,"₩2,755,612"
크리스티나,국내,바크로하우스,2026/7,"₩1,426,500"
크리스티나,국내,바크로하우스,2026/8,"₩2,853,000"
크리스티나,국내,바크로하우스,2026/9,"₩2,853,000"
크리스티나,국내,바크로하우스,2026/10,"₩2,853,000"
크리스티나,국내,바크로하우스,2026/11,"₩2,755,612"
크리스티나,국내,바크로하우스,2026/12,"₩1,426,500"
크리스티나,국내,바크로하우스 대리점,2026/1,"₩3,529,575"
크리스티나,국내,바크로하우스 대리점,2026/2,"₩3,529,575"
크리스티나,국내,바크로하우스 대리점,2026/3,"₩3,529,575"
크리스티나,국내,바크로하우스 대리점,2026/4,"₩3,529,575"
크리스티나,국내,바크로하우스 대리점,2026/5,"₩3,529,575"
크리스티나,국내,바크로하우스 대리점,2026/6,"₩5,536,933"
크리스티나,국내,바크로하우스 대리점,2026/7,"₩2,010,502"
크리스티나,국내,바크로하우스 대리점,2026/8,"₩3,529,575"
크리스티나,국내,바크로하우스 대리점,2026/9,"₩3,529,575"
크리스티나,국내,바크로하우스 대리점,2026/10,"₩3,529,575"
크리스티나,국내,바크로하우스 대리점,2026/11,"₩5,536,933"
크리스티나,국내,바크로하우스 대리점,2026/12,"₩1,970,562"
크리스티나,국내,피부관리실,2026/1,
크리스티나,국내,피부관리실,2026/2,
크리스티나,국내,피부관리실,2026/3,
크리스티나,국내,피부관리실,2026/4,
크리스티나,국내,피부관리실,2026/5,
크리스티나,국내,피부관리실,2026/6,
크리스티나,국내,피부관리실,2026/7,
크리스티나,국내,피부관리실,2026/8,
크리스티나,국내,피부관리실,2026/9,
크리스티나,국내,피부관리실,2026/10,
크리스티나,국내,피부관리실,2026/11,
크리스티나,국내,피부관리실,2026/12,
헤이우,국내,공식몰,2026/1,
헤이우,국내,공식몰,2026/2,
헤이우,국내,공식몰,2026/3,
헤이우,국내,공식몰,2026/4,
헤이우,국내,공식몰,2026/5,
헤이우,국내,공식몰,2026/6,
헤이우,국내,공식몰,2026/7,
헤이우,국내,공식몰,2026/8,
헤이우,국내,공식몰,2026/9,
헤이우,국내,공식몰,2026/10,
헤이우,국내,공식몰,2026/11,
헤이우,국내,공식몰,2026/12,
헤이우,국내,기타,2026/1,
헤이우,국내,기타,2026/2,
헤이우,국내,기타,2026/3,
헤이우,국내,기타,2026/4,
헤이우,국내,기타,2026/5,
헤이우,국내,기타,2026/6,
헤이우,국내,기타,2026/7,
헤이우,국내,기타,2026/8,
헤이우,국내,기타,2026/9,
헤이우,국내,기타,2026/10,
헤이우,국내,기타,2026/11,
헤이우,국내,기타,2026/12,
헤이우,국내,대리점,2026/1,
헤이우,국내,대리점,2026/2,
헤이우,국내,대리점,2026/3,
헤이우,국내,대리점,2026/4,
헤이우,국내,대리점,2026/5,
헤이우,국내,대리점,2026/6,
헤이우,국내,대리점,2026/7,
헤이우,국내,대리점,2026/8,
헤이우,국내,대리점,2026/9,
헤이우,국내,대리점,2026/10,
헤이우,국내,대리점,2026/11,
헤이우,국내,대리점,2026/12,
헤이우,국내,링커,2026/1,
헤이우,국내,링커,2026/2,
헤이우,국내,링커,2026/3,
헤이우,국내,링커,2026/4,
헤이우,국내,링커,2026/5,
헤이우,국내,링커,2026/6,
헤이우,국내,링커,2026/7,
헤이우,국내,링커,2026/8,
헤이우,국내,링커,2026/9,
헤이우,국내,링커,2026/10,
헤이우,국내,링커,2026/11,
헤이우,국내,링커,2026/12,
헤이우,국내,면세점,2026/1,
헤이우,국내,면세점,2026/2,
헤이우,국내,면세점,2026/3,
헤이우,국내,면세점,2026/4,
헤이우,국내,면세점,2026/5,
헤이우,국내,면세점,2026/6,
헤이우,국내,면세점,2026/7,
헤이우,국내,면세점,2026/8,
헤이우,국내,면세점,2026/9,
헤이우,국내,면세점,2026/10,
헤이우,국내,면세점,2026/11,
헤이우,국내,면세점,2026/12,
헤이우,국내,병원,2026/1,
헤이우,국내,병원,2026/2,
헤이우,국내,병원,2026/3,
헤이우,국내,병원,2026/4,
헤이우,국내,병원,2026/5,
헤이우,국내,병원,2026/6,
헤이우,국내,병원,2026/7,
헤이우,국내,병원,2026/8,
헤이우,국내,병원,2026/9,
헤이우,국내,병원,2026/10,
헤이우,국내,병원,2026/11,
헤이우,국내,병원,2026/12,
헤이우,국내,소호몰,2026/1,"₩6,703,069"
헤이우,국내,소호몰,2026/2,"₩6,703,069"
헤이우,국내,소호몰,2026/3,"₩6,703,069"
헤이우,국내,소호몰,2026/4,"₩6,703,069"
헤이우,국내,소호몰,2026/5,"₩6,703,069"
헤이우,국내,소호몰,2026/6,"₩6,703,069"
헤이우,국내,소호몰,2026/7,"₩8,660,435"
헤이우,국내,소호몰,2026/8,"₩8,660,435"
헤이우,국내,소호몰,2026/9,"₩8,660,435"
헤이우,국내,소호몰,2026/10,"₩8,660,435"
헤이우,국내,소호몰,2026/11,"₩8,660,435"
헤이우,국내,소호몰,2026/12,"₩8,660,435"
헤이우,국내,종합몰,2026/1,
헤이우,국내,종합몰,2026/2,
헤이우,국내,종합몰,2026/3,
헤이우,국내,종합몰,2026/4,
헤이우,국내,종합몰,2026/5,
헤이우,국내,종합몰,2026/6,
헤이우,국내,종합몰,2026/7,
헤이우,국내,종합몰,2026/8,
헤이우,국내,종합몰,2026/9,
헤이우,국내,종합몰,2026/10,
헤이우,국내,종합몰,2026/11,
헤이우,국내,종합몰,2026/12,
헤이우,국내,피부관리실,2026/1,
헤이우,국내,피부관리실,2026/2,
헤이우,국내,피부관리실,2026/3,
헤이우,국내,피부관리실,2026/4,
헤이우,국내,피부관리실,2026/5,
헤이우,국내,피부관리실,2026/6,
헤이우,국내,피부관리실,2026/7,
헤이우,국내,피부관리실,2026/8,
헤이우,국내,피부관리실,2026/9,
헤이우,국내,피부관리실,2026/10,
헤이우,국내,피부관리실,2026/11,
헤이우,국내,피부관리실,2026/12,
기타,해외,기타,2026/1,
기타,해외,기타,2026/2,
기타,해외,기타,2026/3,
기타,해외,기타,2026/4,
기타,해외,기타,2026/5,
기타,해외,기타,2026/6,
기타,해외,기타,2026/7,
기타,해외,기타,2026/8,
기타,해외,기타,2026/9,
기타,해외,기타,2026/10,
기타,해외,기타,2026/11,
기타,해외,기타,2026/12,
기타,해외,베트남,2026/1,
기타,해외,베트남,2026/2,
기타,해외,베트남,2026/3,
기타,해외,베트남,2026/4,
기타,해외,베트남,2026/5,
기타,해외,베트남,2026/6,
기타,해외,베트남,2026/7,
기타,해외,베트남,2026/8,
기타,해외,베트남,2026/9,
기타,해외,베트남,2026/10,
기타,해외,베트남,2026/11,
기타,해외,베트남,2026/12,
기타,해외,일본,2026/1,
기타,해외,일본,2026/2,
기타,해외,일본,2026/3,
기타,해외,일본,2026/4,
기타,해외,일본,2026/5,
기타,해외,일본,2026/6,
기타,해외,일본,2026/7,
기타,해외,일본,2026/8,
기타,해외,일본,2026/9,
기타,해외,일본,2026/10,
기타,해외,일본,2026/11,
기타,해외,일본,2026/12,
기타,해외,중국,2026/1,
기타,해외,중국,2026/2,
기타,해외,중국,2026/3,
기타,해외,중국,2026/4,
기타,해외,중국,2026/5,
기타,해외,중국,2026/6,
기타,해외,중국,2026/7,
기타,해외,중국,2026/8,
기타,해외,중국,2026/9,
기타,해외,중국,2026/10,
기타,해외,중국,2026/11,
기타,해외,중국,2026/12,
기타,해외,캐나다,2026/1,
기타,해외,캐나다,2026/2,
기타,해외,캐나다,2026/3,
기타,해외,캐나다,2026/4,
기타,해외,캐나다,2026/5,
기타,해외,캐나다,2026/6,
기타,해외,캐나다,2026/7,
기타,해외,캐나다,2026/8,
기타,해외,캐나다,2026/9,
기타,해외,캐나다,2026/10,
기타,해외,캐나다,2026/11,
기타,해외,캐나다,2026/12,
네오스트라타,해외,기타,2026/1,
네오스트라타,해외,기타,2026/2,
네오스트라타,해외,기타,2026/3,
네오스트라타,해외,기타,2026/4,
네오스트라타,해외,기타,2026/5,
네오스트라타,해외,기타,2026/6,
네오스트라타,해외,기타,2026/7,
네오스트라타,해외,기타,2026/8,
네오스트라타,해외,기타,2026/9,
네오스트라타,해외,기타,2026/10,
네오스트라타,해외,기타,2026/11,
네오스트라타,해외,기타,2026/12,
네오스트라타,해외,베트남,2026/1,
네오스트라타,해외,베트남,2026/2,
네오스트라타,해외,베트남,2026/3,
네오스트라타,해외,베트남,2026/4,
네오스트라타,해외,베트남,2026/5,
네오스트라타,해외,베트남,2026/6,
네오스트라타,해외,베트남,2026/7,
네오스트라타,해외,베트남,2026/8,
네오스트라타,해외,베트남,2026/9,
네오스트라타,해외,베트남,2026/10,
네오스트라타,해외,베트남,2026/11,
네오스트라타,해외,베트남,2026/12,
네오스트라타,해외,일본,2026/1,
네오스트라타,해외,일본,2026/2,
네오스트라타,해외,일본,2026/3,
네오스트라타,해외,일본,2026/4,
네오스트라타,해외,일본,2026/5,
네오스트라타,해외,일본,2026/6,
네오스트라타,해외,일본,2026/7,
네오스트라타,해외,일본,2026/8,
네오스트라타,해외,일본,2026/9,
네오스트라타,해외,일본,2026/10,
네오스트라타,해외,일본,2026/11,
네오스트라타,해외,일본,2026/12,
네오스트라타,해외,중국,2026/1,
네오스트라타,해외,중국,2026/2,
네오스트라타,해외,중국,2026/3,
네오스트라타,해외,중국,2026/4,
네오스트라타,해외,중국,2026/5,
네오스트라타,해외,중국,2026/6,
네오스트라타,해외,중국,2026/7,
네오스트라타,해외,중국,2026/8,
네오스트라타,해외,중국,2026/9,
네오스트라타,해외,중국,2026/10,
네오스트라타,해외,중국,2026/11,
네오스트라타,해외,중국,2026/12,
네오스트라타,해외,캐나다,2026/1,
네오스트라타,해외,캐나다,2026/2,
네오스트라타,해외,캐나다,2026/3,
네오스트라타,해외,캐나다,2026/4,
네오스트라타,해외,캐나다,2026/5,
네오스트라타,해외,캐나다,2026/6,
네오스트라타,해외,캐나다,2026/7,
네오스트라타,해외,캐나다,2026/8,
네오스트라타,해외,캐나다,2026/9,
네오스트라타,해외,캐나다,2026/10,
네오스트라타,해외,캐나다,2026/11,
네오스트라타,해외,캐나다,2026/12,
레노덤,해외,기타,2026/1,
레노덤,해외,기타,2026/2,
레노덤,해외,기타,2026/3,"₩5,000,000"
레노덤,해외,기타,2026/4,
레노덤,해외,기타,2026/5,
레노덤,해외,기타,2026/6,"₩5,000,000"
레노덤,해외,기타,2026/7,
레노덤,해외,기타,2026/8,
레노덤,해외,기타,2026/9,"₩5,000,000"
레노덤,해외,기타,2026/10,
레노덤,해외,기타,2026/11,
레노덤,해외,기타,2026/12,"₩5,000,000"
레노덤,해외,베트남,2026/1,"₩204,958,620"
레노덤,해외,베트남,2026/2,"₩186,860,520"
레노덤,해외,베트남,2026/3,"₩167,650,560"
레노덤,해외,베트남,2026/4,"₩202,577,760"
레노덤,해외,베트남,2026/5,"₩202,577,760"
레노덤,해외,베트남,2026/6,"₩184,636,800"
레노덤,해외,베트남,2026/7,"₩165,904,200"
레노덤,해외,베트남,2026/8,"₩183,367,800"
레노덤,해외,베트남,2026/9,"₩204,324,120"
레노덤,해외,베트남,2026/10,"₩259,231,320"
레노덤,해외,베트남,2026/11,"₩257,962,320"
레노덤,해외,베트남,2026/12,"₩270,436,320"
레노덤,해외,일본,2026/1,
레노덤,해외,일본,2026/2,
레노덤,해외,일본,2026/3,"₩5,000,000"
레노덤,해외,일본,2026/4,"₩5,000,000"
레노덤,해외,일본,2026/5,"₩5,000,000"
레노덤,해외,일본,2026/6,"₩10,000,000"
레노덤,해외,일본,2026/7,"₩10,000,000"
레노덤,해외,일본,2026/8,"₩10,000,000"
레노덤,해외,일본,2026/9,"₩10,000,000"
레노덤,해외,일본,2026/10,"₩13,000,000"
레노덤,해외,일본,2026/11,"₩16,000,000"
레노덤,해외,일본,2026/12,"₩16,000,000"
레노덤,해외,중국,2026/1,"₩200,002,500"
레노덤,해외,중국,2026/2,"₩200,002,500"
레노덤,해외,중국,2026/3,"₩200,002,500"
레노덤,해외,중국,2026/4,"₩200,002,500"
레노덤,해외,중국,2026/5,"₩200,002,500"
레노덤,해외,중국,2026/6,"₩200,002,500"
레노덤,해외,중국,2026/7,"₩200,002,500"
레노덤,해외,중국,2026/8,"₩200,002,500"
레노덤,해외,중국,2026/9,"₩200,002,500"
레노덤,해외,중국,2026/10,"₩204,502,500"
레노덤,해외,중국,2026/11,"₩204,502,500"
레노덤,해외,중국,2026/12,"₩212,940,000"
레노덤,해외,캐나다,2026/1,
레노덤,해외,캐나다,2026/2,
레노덤,해외,캐나다,2026/3,
레노덤,해외,캐나다,2026/4,
레노덤,해외,캐나다,2026/5,
레노덤,해외,캐나다,2026/6,
레노덤,해외,캐나다,2026/7,
레노덤,해외,캐나다,2026/8,
레노덤,해외,캐나다,2026/9,
레노덤,해외,캐나다,2026/10,
레노덤,해외,캐나다,2026/11,
레노덤,해외,캐나다,2026/12,
레노덤,해외,동남아,2026/1,
레노덤,해외,동남아,2026/2,
레노덤,해외,동남아,2026/3,"1,000,000"
레노덤,해외,동남아,2026/4,"1,000,000"
레노덤,해외,동남아,2026/5,"1,000,000"
레노덤,해외,동남아,2026/6,"1,000,000"
레노덤,해외,동남아,2026/7,"1,000,000"
레노덤,해외,동남아,2026/8,"1,000,000"
레노덤,해외,동남아,2026/9,"2,000,000"
레노덤,해외,동남아,2026/10,"2,000,000"
레노덤,해외,동남아,2026/11,"2,000,000"
레노덤,해외,동남아,2026/12,"2,000,000"
레노덤,해외,호주,2026/1,
레노덤,해외,호주,2026/2,
레노덤,해외,호주,2026/3,"4,636,280"
레노덤,해외,호주,2026/4,
레노덤,해외,호주,2026/5,
레노덤,해외,호주,2026/6,"4,613,000"
레노덤,해외,호주,2026/7,
레노덤,해외,호주,2026/8,
레노덤,해외,호주,2026/9,"4,753,000"
레노덤,해외,호주,2026/10,
레노덤,해외,호주,2026/11,
레노덤,해외,호주,2026/12,"4,753,000"
레노덤 프로페셔널,해외,기타,2026/1,
레노덤 프로페셔널,해외,기타,2026/2,
레노덤 프로페셔널,해외,기타,2026/3,
레노덤 프로페셔널,해외,기타,2026/4,
레노덤 프로페셔널,해외,기타,2026/5,
레노덤 프로페셔널,해외,기타,2026/6,
레노덤 프로페셔널,해외,기타,2026/7,
레노덤 프로페셔널,해외,기타,2026/8,
레노덤 프로페셔널,해외,기타,2026/9,
레노덤 프로페셔널,해외,기타,2026/10,
레노덤 프로페셔널,해외,기타,2026/11,
레노덤 프로페셔널,해외,기타,2026/12,
레노덤 프로페셔널,해외,베트남,2026/1,
레노덤 프로페셔널,해외,베트남,2026/2,
레노덤 프로페셔널,해외,베트남,2026/3,
레노덤 프로페셔널,해외,베트남,2026/4,
레노덤 프로페셔널,해외,베트남,2026/5,
레노덤 프로페셔널,해외,베트남,2026/6,
레노덤 프로페셔널,해외,베트남,2026/7,
레노덤 프로페셔널,해외,베트남,2026/8,
레노덤 프로페셔널,해외,베트남,2026/9,
레노덤 프로페셔널,해외,베트남,2026/10,
레노덤 프로페셔널,해외,베트남,2026/11,
레노덤 프로페셔널,해외,베트남,2026/12,
레노덤 프로페셔널,해외,일본,2026/1,
레노덤 프로페셔널,해외,일본,2026/2,
레노덤 프로페셔널,해외,일본,2026/3,
레노덤 프로페셔널,해외,일본,2026/4,
레노덤 프로페셔널,해외,일본,2026/5,
레노덤 프로페셔널,해외,일본,2026/6,
레노덤 프로페셔널,해외,일본,2026/7,
레노덤 프로페셔널,해외,일본,2026/8,
레노덤 프로페셔널,해외,일본,2026/9,
레노덤 프로페셔널,해외,일본,2026/10,
레노덤 프로페셔널,해외,일본,2026/11,
레노덤 프로페셔널,해외,일본,2026/12,
레노덤 프로페셔널,해외,중국,2026/1,
레노덤 프로페셔널,해외,중국,2026/2,
레노덤 프로페셔널,해외,중국,2026/3,
레노덤 프로페셔널,해외,중국,2026/4,
레노덤 프로페셔널,해외,중국,2026/5,
레노덤 프로페셔널,해외,중국,2026/6,
레노덤 프로페셔널,해외,중국,2026/7,
레노덤 프로페셔널,해외,중국,2026/8,
레노덤 프로페셔널,해외,중국,2026/9,
레노덤 프로페셔널,해외,중국,2026/10,
레노덤 프로페셔널,해외,중국,2026/11,
레노덤 프로페셔널,해외,중국,2026/12,
레노덤 프로페셔널,해외,캐나다,2026/1,
레노덤 프로페셔널,해외,캐나다,2026/2,
레노덤 프로페셔널,해외,캐나다,2026/3,
레노덤 프로페셔널,해외,캐나다,2026/4,
레노덤 프로페셔널,해외,캐나다,2026/5,
레노덤 프로페셔널,해외,캐나다,2026/6,
레노덤 프로페셔널,해외,캐나다,2026/7,
레노덤 프로페셔널,해외,캐나다,2026/8,
레노덤 프로페셔널,해외,캐나다,2026/9,
레노덤 프로페셔널,해외,캐나다,2026/10,
레노덤 프로페셔널,해외,캐나다,2026/11,
레노덤 프로페셔널,해외,캐나다,2026/12,
엑스비앙스,해외,기타,2026/1,
엑스비앙스,해외,기타,2026/2,
엑스비앙스,해외,기타,2026/3,
엑스비앙스,해외,기타,2026/4,
엑스비앙스,해외,기타,2026/5,
엑스비앙스,해외,기타,2026/6,
엑스비앙스,해외,기타,2026/7,
엑스비앙스,해외,기타,2026/8,
엑스비앙스,해외,기타,2026/9,
엑스비앙스,해외,기타,2026/10,
엑스비앙스,해외,기타,2026/11,
엑스비앙스,해외,기타,2026/12,
엑스비앙스,해외,베트남,2026/1,
엑스비앙스,해외,베트남,2026/2,
엑스비앙스,해외,베트남,2026/3,
엑스비앙스,해외,베트남,2026/4,
엑스비앙스,해외,베트남,2026/5,
엑스비앙스,해외,베트남,2026/6,
엑스비앙스,해외,베트남,2026/7,
엑스비앙스,해외,베트남,2026/8,
엑스비앙스,해외,베트남,2026/9,
엑스비앙스,해외,베트남,2026/10,
엑스비앙스,해외,베트남,2026/11,
엑스비앙스,해외,베트남,2026/12,
엑스비앙스,해외,일본,2026/1,
엑스비앙스,해외,일본,2026/2,
엑스비앙스,해외,일본,2026/3,
엑스비앙스,해외,일본,2026/4,
엑스비앙스,해외,일본,2026/5,
엑스비앙스,해외,일본,2026/6,
엑스비앙스,해외,일본,2026/7,
엑스비앙스,해외,일본,2026/8,
엑스비앙스,해외,일본,2026/9,
엑스비앙스,해외,일본,2026/10,
엑스비앙스,해외,일본,2026/11,
엑스비앙스,해외,일본,2026/12,
엑스비앙스,해외,중국,2026/1,
엑스비앙스,해외,중국,2026/2,
엑스비앙스,해외,중국,2026/3,
엑스비앙스,해외,중국,2026/4,
엑스비앙스,해외,중국,2026/5,
엑스비앙스,해외,중국,2026/6,
엑스비앙스,해외,중국,2026/7,
엑스비앙스,해외,중국,2026/8,
엑스비앙스,해외,중국,2026/9,
엑스비앙스,해외,중국,2026/10,
엑스비앙스,해외,중국,2026/11,
엑스비앙스,해외,중국,2026/12,
엑스비앙스,해외,캐나다,2026/1,
엑스비앙스,해외,캐나다,2026/2,
엑스비앙스,해외,캐나다,2026/3,
엑스비앙스,해외,캐나다,2026/4,
엑스비앙스,해외,캐나다,2026/5,
엑스비앙스,해외,캐나다,2026/6,
엑스비앙스,해외,캐나다,2026/7,
엑스비앙스,해외,캐나다,2026/8,
엑스비앙스,해외,캐나다,2026/9,
엑스비앙스,해외,캐나다,2026/10,
엑스비앙스,해외,캐나다,2026/11,
엑스비앙스,해외,캐나다,2026/12,
크리스티나,해외,기타,2026/1,
크리스티나,해외,기타,2026/2,
크리스티나,해외,기타,2026/3,
크리스티나,해외,기타,2026/4,
크리스티나,해외,기타,2026/5,
크리스티나,해외,기타,2026/6,
크리스티나,해외,기타,2026/7,
크리스티나,해외,기타,2026/8,
크리스티나,해외,기타,2026/9,
크리스티나,해외,기타,2026/10,
크리스티나,해외,기타,2026/11,
크리스티나,해외,기타,2026/12,
크리스티나,해외,베트남,2026/1,
크리스티나,해외,베트남,2026/2,
크리스티나,해외,베트남,2026/3,
크리스티나,해외,베트남,2026/4,
크리스티나,해외,베트남,2026/5,
크리스티나,해외,베트남,2026/6,
크리스티나,해외,베트남,2026/7,
크리스티나,해외,베트남,2026/8,
크리스티나,해외,베트남,2026/9,
크리스티나,해외,베트남,2026/10,
크리스티나,해외,베트남,2026/11,
크리스티나,해외,베트남,2026/12,
크리스티나,해외,일본,2026/1,
크리스티나,해외,일본,2026/2,
크리스티나,해외,일본,2026/3,
크리스티나,해외,일본,2026/4,
크리스티나,해외,일본,2026/5,
크리스티나,해외,일본,2026/6,
크리스티나,해외,일본,2026/7,
크리스티나,해외,일본,2026/8,
크리스티나,해외,일본,2026/9,
크리스티나,해외,일본,2026/10,
크리스티나,해외,일본,2026/11,
크리스티나,해외,일본,2026/12,
크리스티나,해외,중국,2026/1,
크리스티나,해외,중국,2026/2,
크리스티나,해외,중국,2026/3,
크리스티나,해외,중국,2026/4,
크리스티나,해외,중국,2026/5,
크리스티나,해외,중국,2026/6,
크리스티나,해외,중국,2026/7,
크리스티나,해외,중국,2026/8,
크리스티나,해외,중국,2026/9,
크리스티나,해외,중국,2026/10,
크리스티나,해외,중국,2026/11,
크리스티나,해외,중국,2026/12,
크리스티나,해외,캐나다,2026/1,
크리스티나,해외,캐나다,2026/2,
크리스티나,해외,캐나다,2026/3,
크리스티나,해외,캐나다,2026/4,
크리스티나,해외,캐나다,2026/5,
크리스티나,해외,캐나다,2026/6,
크리스티나,해외,캐나다,2026/7,
크리스티나,해외,캐나다,2026/8,
크리스티나,해외,캐나다,2026/9,
크리스티나,해외,캐나다,2026/10,
크리스티나,해외,캐나다,2026/11,
크리스티나,해외,캐나다,2026/12,
헤이우,해외,기타,2026/1,
헤이우,해외,기타,2026/2,
헤이우,해외,기타,2026/3,
헤이우,해외,기타,2026/4,
헤이우,해외,기타,2026/5,
헤이우,해외,기타,2026/6,
헤이우,해외,기타,2026/7,
헤이우,해외,기타,2026/8,
헤이우,해외,기타,2026/9,
헤이우,해외,기타,2026/10,
헤이우,해외,기타,2026/11,
헤이우,해외,기타,2026/12,
헤이우,해외,베트남,2026/1,
헤이우,해외,베트남,2026/2,
헤이우,해외,베트남,2026/3,
헤이우,해외,베트남,2026/4,
헤이우,해외,베트남,2026/5,
헤이우,해외,베트남,2026/6,
헤이우,해외,베트남,2026/7,
헤이우,해외,베트남,2026/8,
헤이우,해외,베트남,2026/9,
헤이우,해외,베트남,2026/10,
헤이우,해외,베트남,2026/11,
헤이우,해외,베트남,2026/12,
헤이우,해외,일본,2026/1,
헤이우,해외,일본,2026/2,
헤이우,해외,일본,2026/3,"₩57,400,000"
헤이우,해외,일본,2026/4,"₩6,000,000"
헤이우,해외,일본,2026/5,"₩6,000,000"
헤이우,해외,일본,2026/6,"₩8,000,000"
헤이우,해외,일본,2026/7,"₩13,000,000"
헤이우,해외,일본,2026/8,"₩8,000,000"
헤이우,해외,일본,2026/9,"₩33,800,000"
헤이우,해외,일본,2026/10,"₩13,000,000"
헤이우,해외,일본,2026/11,"₩14,500,000"
헤이우,해외,일본,2026/12,"₩40,300,000"
헤이우,해외,중국,2026/1,
헤이우,해외,중국,2026/2,
헤이우,해외,중국,2026/3,
헤이우,해외,중국,2026/4,
헤이우,해외,중국,2026/5,
헤이우,해외,중국,2026/6,
헤이우,해외,중국,2026/7,
헤이우,해외,중국,2026/8,
헤이우,해외,중국,2026/9,
헤이우,해외,중국,2026/10,
헤이우,해외,중국,2026/11,
헤이우,해외,중국,2026/12,
헤이우,해외,캐나다,2026/1,
헤이우,해외,캐나다,2026/2,
헤이우,해외,캐나다,2026/3,
헤이우,해외,캐나다,2026/4,
헤이우,해외,캐나다,2026/5,
헤이우,해외,캐나다,2026/6,
헤이우,해외,캐나다,2026/7,
헤이우,해외,캐나다,2026/8,
헤이우,해외,캐나다,2026/9,
헤이우,해외,캐나다,2026/10,
헤이우,해외,캐나다,2026/11,
헤이우,해외,캐나다,2026/12,